seq,position,speed_value
">ID=cds32799;Parent=rna44403;Dbxref=CCDS:CCDS32359.1,GeneID:64718,Genbank:NP_001032202.1,HGNC:HGNC:14184;Name=NP_001032202.1;Note=isoform 2 is encoded by transcript variant 2;gbkey=CDS;gene=UNKL;product=putativeE3 ubiquitin-protein ligase UNKL isoform 2;protein_id=NP_001032202.1\n')",1,0.3253686049070033
">ID=cds32799;Parent=rna44403;Dbxref=CCDS:CCDS32359.1,GeneID:64718,Genbank:NP_001032202.1,HGNC:HGNC:14184;Name=NP_001032202.1;Note=isoform 2 is encoded by transcript variant 2;gbkey=CDS;gene=UNKL;product=putativeE3 ubiquitin-protein ligase UNKL isoform 2;protein_id=NP_001032202.1\n')",2,0.31543286313515284
">ID=cds32799;Parent=rna44403;Dbxref=CCDS:CCDS32359.1,GeneID:64718,Genbank:NP_001032202.1,HGNC:HGNC:14184;Name=NP_001032202.1;Note=isoform 2 is encoded by transcript variant 2;gbkey=CDS;gene=UNKL;product=putativeE3 ubiquitin-protein ligase UNKL isoform 2;protein_id=NP_001032202.1\n')",3,0.3573393016248752
">ID=cds32799;Parent=rna44403;Dbxref=CCDS:CCDS32359.1,GeneID:64718,Genbank:NP_001032202.1,HGNC:HGNC:14184;Name=NP_001032202.1;Note=isoform 2 is encoded by transcript variant 2;gbkey=CDS;gene=UNKL;product=putativeE3 ubiquitin-protein ligase UNKL isoform 2;protein_id=NP_001032202.1\n')",4,0.37930659346066303
">ID=cds32799;Parent=rna44403;Dbxref=CCDS:CCDS32359.1,GeneID:64718,Genbank:NP_001032202.1,HGNC:HGNC:14184;Name=NP_001032202.1;Note=isoform 2 is encoded by transcript variant 2;gbkey=CDS;gene=UNKL;product=putativeE3 ubiquitin-protein ligase UNKL isoform 2;protein_id=NP_001032202.1\n')",5,0.43418850448300816
">ID=cds32799;Parent=rna44403;Dbxref=CCDS:CCDS32359.1,GeneID:64718,Genbank:NP_001032202.1,HGNC:HGNC:14184;Name=NP_001032202.1;Note=isoform 2 is encoded by transcript variant 2;gbkey=CDS;gene=UNKL;product=putativeE3 ubiquitin-protein ligase UNKL isoform 2;protein_id=NP_001032202.1\n')",6,0.4368718859430389
">ID=cds32799;Parent=rna44403;Dbxref=CCDS:CCDS32359.1,GeneID:64718,Genbank:NP_001032202.1,HGNC:HGNC:14184;Name=NP_001032202.1;Note=isoform 2 is encoded by transcript variant 2;gbkey=CDS;gene=UNKL;product=putativeE3 ubiquitin-protein ligase UNKL isoform 2;protein_id=NP_001032202.1\n')",7,0.5000558965769222
">ID=cds32799;Parent=rna44403;Dbxref=CCDS:CCDS32359.1,GeneID:64718,Genbank:NP_001032202.1,HGNC:HGNC:14184;Name=NP_001032202.1;Note=isoform 2 is encoded by transcript variant 2;gbkey=CDS;gene=UNKL;product=putativeE3 ubiquitin-protein ligase UNKL isoform 2;protein_id=NP_001032202.1\n')",8,0.5254951879012496
">ID=cds32799;Parent=rna44403;Dbxref=CCDS:CCDS32359.1,GeneID:64718,Genbank:NP_001032202.1,HGNC:HGNC:14184;Name=NP_001032202.1;Note=isoform 2 is encoded by transcript variant 2;gbkey=CDS;gene=UNKL;product=putativeE3 ubiquitin-protein ligase UNKL isoform 2;protein_id=NP_001032202.1\n')",9,0.5486663958113777
">ID=cds32799;Parent=rna44403;Dbxref=CCDS:CCDS32359.1,GeneID:64718,Genbank:NP_001032202.1,HGNC:HGNC:14184;Name=NP_001032202.1;Note=isoform 2 is encoded by transcript variant 2;gbkey=CDS;gene=UNKL;product=putativeE3 ubiquitin-protein ligase UNKL isoform 2;protein_id=NP_001032202.1\n')",10,0.6358021712036828
">ID=cds32799;Parent=rna44403;Dbxref=CCDS:CCDS32359.1,GeneID:64718,Genbank:NP_001032202.1,HGNC:HGNC:14184;Name=NP_001032202.1;Note=isoform 2 is encoded by transcript variant 2;gbkey=CDS;gene=UNKL;product=putativeE3 ubiquitin-protein ligase UNKL isoform 2;protein_id=NP_001032202.1\n')",11,0.7790636732102469
">ID=cds32799;Parent=rna44403;Dbxref=CCDS:CCDS32359.1,GeneID:64718,Genbank:NP_001032202.1,HGNC:HGNC:14184;Name=NP_001032202.1;Note=isoform 2 is encoded by transcript variant 2;gbkey=CDS;gene=UNKL;product=putativeE3 ubiquitin-protein ligase UNKL isoform 2;protein_id=NP_001032202.1\n')",12,0.7790636732102469
">ID=cds32799;Parent=rna44403;Dbxref=CCDS:CCDS32359.1,GeneID:64718,Genbank:NP_001032202.1,HGNC:HGNC:14184;Name=NP_001032202.1;Note=isoform 2 is encoded by transcript variant 2;gbkey=CDS;gene=UNKL;product=putativeE3 ubiquitin-protein ligase UNKL isoform 2;protein_id=NP_001032202.1\n')",13,0.6775036400274068
">ID=cds32799;Parent=rna44403;Dbxref=CCDS:CCDS32359.1,GeneID:64718,Genbank:NP_001032202.1,HGNC:HGNC:14184;Name=NP_001032202.1;Note=isoform 2 is encoded by transcript variant 2;gbkey=CDS;gene=UNKL;product=putativeE3 ubiquitin-protein ligase UNKL isoform 2;protein_id=NP_001032202.1\n')",14,0.6956698719508382
">ID=cds32799;Parent=rna44403;Dbxref=CCDS:CCDS32359.1,GeneID:64718,Genbank:NP_001032202.1,HGNC:HGNC:14184;Name=NP_001032202.1;Note=isoform 2 is encoded by transcript variant 2;gbkey=CDS;gene=UNKL;product=putativeE3 ubiquitin-protein ligase UNKL isoform 2;protein_id=NP_001032202.1\n')",15,0.7021147220891991
">ID=cds32799;Parent=rna44403;Dbxref=CCDS:CCDS32359.1,GeneID:64718,Genbank:NP_001032202.1,HGNC:HGNC:14184;Name=NP_001032202.1;Note=isoform 2 is encoded by transcript variant 2;gbkey=CDS;gene=UNKL;product=putativeE3 ubiquitin-protein ligase UNKL isoform 2;protein_id=NP_001032202.1\n')",16,0.7021147220891991
">ID=cds32799;Parent=rna44403;Dbxref=CCDS:CCDS32359.1,GeneID:64718,Genbank:NP_001032202.1,HGNC:HGNC:14184;Name=NP_001032202.1;Note=isoform 2 is encoded by transcript variant 2;gbkey=CDS;gene=UNKL;product=putativeE3 ubiquitin-protein ligase UNKL isoform 2;protein_id=NP_001032202.1\n')",17,0.8106627279157929
">ID=cds32799;Parent=rna44403;Dbxref=CCDS:CCDS32359.1,GeneID:64718,Genbank:NP_001032202.1,HGNC:HGNC:14184;Name=NP_001032202.1;Note=isoform 2 is encoded by transcript variant 2;gbkey=CDS;gene=UNKL;product=putativeE3 ubiquitin-protein ligase UNKL isoform 2;protein_id=NP_001032202.1\n')",18,0.8106627279157929
">ID=cds32799;Parent=rna44403;Dbxref=CCDS:CCDS32359.1,GeneID:64718,Genbank:NP_001032202.1,HGNC:HGNC:14184;Name=NP_001032202.1;Note=isoform 2 is encoded by transcript variant 2;gbkey=CDS;gene=UNKL;product=putativeE3 ubiquitin-protein ligase UNKL isoform 2;protein_id=NP_001032202.1\n')",19,0.8374372250352274
">ID=cds32799;Parent=rna44403;Dbxref=CCDS:CCDS32359.1,GeneID:64718,Genbank:NP_001032202.1,HGNC:HGNC:14184;Name=NP_001032202.1;Note=isoform 2 is encoded by transcript variant 2;gbkey=CDS;gene=UNKL;product=putativeE3 ubiquitin-protein ligase UNKL isoform 2;protein_id=NP_001032202.1\n')",20,0.8374372250352274
">ID=cds32799;Parent=rna44403;Dbxref=CCDS:CCDS32359.1,GeneID:64718,Genbank:NP_001032202.1,HGNC:HGNC:14184;Name=NP_001032202.1;Note=isoform 2 is encoded by transcript variant 2;gbkey=CDS;gene=UNKL;product=putativeE3 ubiquitin-protein ligase UNKL isoform 2;protein_id=NP_001032202.1\n')",21,0.8374372250352274
">ID=cds32799;Parent=rna44403;Dbxref=CCDS:CCDS32359.1,GeneID:64718,Genbank:NP_001032202.1,HGNC:HGNC:14184;Name=NP_001032202.1;Note=isoform 2 is encoded by transcript variant 2;gbkey=CDS;gene=UNKL;product=putativeE3 ubiquitin-protein ligase UNKL isoform 2;protein_id=NP_001032202.1\n')",22,0.9982982443015597
">ID=cds32799;Parent=rna44403;Dbxref=CCDS:CCDS32359.1,GeneID:64718,Genbank:NP_001032202.1,HGNC:HGNC:14184;Name=NP_001032202.1;Note=isoform 2 is encoded by transcript variant 2;gbkey=CDS;gene=UNKL;product=putativeE3 ubiquitin-protein ligase UNKL isoform 2;protein_id=NP_001032202.1\n')",23,0.9966022707083032
">ID=cds32799;Parent=rna44403;Dbxref=CCDS:CCDS32359.1,GeneID:64718,Genbank:NP_001032202.1,HGNC:HGNC:14184;Name=NP_001032202.1;Note=isoform 2 is encoded by transcript variant 2;gbkey=CDS;gene=UNKL;product=putativeE3 ubiquitin-protein ligase UNKL isoform 2;protein_id=NP_001032202.1\n')",24,0.8097625295144788
">ID=cds32799;Parent=rna44403;Dbxref=CCDS:CCDS32359.1,GeneID:64718,Genbank:NP_001032202.1,HGNC:HGNC:14184;Name=NP_001032202.1;Note=isoform 2 is encoded by transcript variant 2;gbkey=CDS;gene=UNKL;product=putativeE3 ubiquitin-protein ligase UNKL isoform 2;protein_id=NP_001032202.1\n')",25,0.8097625295144788
">ID=cds32799;Parent=rna44403;Dbxref=CCDS:CCDS32359.1,GeneID:64718,Genbank:NP_001032202.1,HGNC:HGNC:14184;Name=NP_001032202.1;Note=isoform 2 is encoded by transcript variant 2;gbkey=CDS;gene=UNKL;product=putativeE3 ubiquitin-protein ligase UNKL isoform 2;protein_id=NP_001032202.1\n')",26,0.810881844090644
">ID=cds32799;Parent=rna44403;Dbxref=CCDS:CCDS32359.1,GeneID:64718,Genbank:NP_001032202.1,HGNC:HGNC:14184;Name=NP_001032202.1;Note=isoform 2 is encoded by transcript variant 2;gbkey=CDS;gene=UNKL;product=putativeE3 ubiquitin-protein ligase UNKL isoform 2;protein_id=NP_001032202.1\n')",27,0.810881844090644
">ID=cds32799;Parent=rna44403;Dbxref=CCDS:CCDS32359.1,GeneID:64718,Genbank:NP_001032202.1,HGNC:HGNC:14184;Name=NP_001032202.1;Note=isoform 2 is encoded by transcript variant 2;gbkey=CDS;gene=UNKL;product=putativeE3 ubiquitin-protein ligase UNKL isoform 2;protein_id=NP_001032202.1\n')",28,0.810881844090644
">ID=cds32799;Parent=rna44403;Dbxref=CCDS:CCDS32359.1,GeneID:64718,Genbank:NP_001032202.1,HGNC:HGNC:14184;Name=NP_001032202.1;Note=isoform 2 is encoded by transcript variant 2;gbkey=CDS;gene=UNKL;product=putativeE3 ubiquitin-protein ligase UNKL isoform 2;protein_id=NP_001032202.1\n')",29,0.810881844090644
">ID=cds32799;Parent=rna44403;Dbxref=CCDS:CCDS32359.1,GeneID:64718,Genbank:NP_001032202.1,HGNC:HGNC:14184;Name=NP_001032202.1;Note=isoform 2 is encoded by transcript variant 2;gbkey=CDS;gene=UNKL;product=putativeE3 ubiquitin-protein ligase UNKL isoform 2;protein_id=NP_001032202.1\n')",30,0.8017595959254302
">ID=cds32799;Parent=rna44403;Dbxref=CCDS:CCDS32359.1,GeneID:64718,Genbank:NP_001032202.1,HGNC:HGNC:14184;Name=NP_001032202.1;Note=isoform 2 is encoded by transcript variant 2;gbkey=CDS;gene=UNKL;product=putativeE3 ubiquitin-protein ligase UNKL isoform 2;protein_id=NP_001032202.1\n')",31,0.7647848389256804
">ID=cds32799;Parent=rna44403;Dbxref=CCDS:CCDS32359.1,GeneID:64718,Genbank:NP_001032202.1,HGNC:HGNC:14184;Name=NP_001032202.1;Note=isoform 2 is encoded by transcript variant 2;gbkey=CDS;gene=UNKL;product=putativeE3 ubiquitin-protein ligase UNKL isoform 2;protein_id=NP_001032202.1\n')",32,0.7657831870428252
">ID=cds32799;Parent=rna44403;Dbxref=CCDS:CCDS32359.1,GeneID:64718,Genbank:NP_001032202.1,HGNC:HGNC:14184;Name=NP_001032202.1;Note=isoform 2 is encoded by transcript variant 2;gbkey=CDS;gene=UNKL;product=putativeE3 ubiquitin-protein ligase UNKL isoform 2;protein_id=NP_001032202.1\n')",33,0.9308109528671545
">ID=cds32799;Parent=rna44403;Dbxref=CCDS:CCDS32359.1,GeneID:64718,Genbank:NP_001032202.1,HGNC:HGNC:14184;Name=NP_001032202.1;Note=isoform 2 is encoded by transcript variant 2;gbkey=CDS;gene=UNKL;product=putativeE3 ubiquitin-protein ligase UNKL isoform 2;protein_id=NP_001032202.1\n')",34,0.9308109528671545
">ID=cds32799;Parent=rna44403;Dbxref=CCDS:CCDS32359.1,GeneID:64718,Genbank:NP_001032202.1,HGNC:HGNC:14184;Name=NP_001032202.1;Note=isoform 2 is encoded by transcript variant 2;gbkey=CDS;gene=UNKL;product=putativeE3 ubiquitin-protein ligase UNKL isoform 2;protein_id=NP_001032202.1\n')",35,0.9308109528671545
">ID=cds32799;Parent=rna44403;Dbxref=CCDS:CCDS32359.1,GeneID:64718,Genbank:NP_001032202.1,HGNC:HGNC:14184;Name=NP_001032202.1;Note=isoform 2 is encoded by transcript variant 2;gbkey=CDS;gene=UNKL;product=putativeE3 ubiquitin-protein ligase UNKL isoform 2;protein_id=NP_001032202.1\n')",36,0.7333764737671652
">ID=cds32799;Parent=rna44403;Dbxref=CCDS:CCDS32359.1,GeneID:64718,Genbank:NP_001032202.1,HGNC:HGNC:14184;Name=NP_001032202.1;Note=isoform 2 is encoded by transcript variant 2;gbkey=CDS;gene=UNKL;product=putativeE3 ubiquitin-protein ligase UNKL isoform 2;protein_id=NP_001032202.1\n')",37,0.7333764737671652
">ID=cds32799;Parent=rna44403;Dbxref=CCDS:CCDS32359.1,GeneID:64718,Genbank:NP_001032202.1,HGNC:HGNC:14184;Name=NP_001032202.1;Note=isoform 2 is encoded by transcript variant 2;gbkey=CDS;gene=UNKL;product=putativeE3 ubiquitin-protein ligase UNKL isoform 2;protein_id=NP_001032202.1\n')",38,0.7333764737671652
">ID=cds32799;Parent=rna44403;Dbxref=CCDS:CCDS32359.1,GeneID:64718,Genbank:NP_001032202.1,HGNC:HGNC:14184;Name=NP_001032202.1;Note=isoform 2 is encoded by transcript variant 2;gbkey=CDS;gene=UNKL;product=putativeE3 ubiquitin-protein ligase UNKL isoform 2;protein_id=NP_001032202.1\n')",39,0.7362370762916516
">ID=cds32799;Parent=rna44403;Dbxref=CCDS:CCDS32359.1,GeneID:64718,Genbank:NP_001032202.1,HGNC:HGNC:14184;Name=NP_001032202.1;Note=isoform 2 is encoded by transcript variant 2;gbkey=CDS;gene=UNKL;product=putativeE3 ubiquitin-protein ligase UNKL isoform 2;protein_id=NP_001032202.1\n')",40,0.6709733308349712
">ID=cds32799;Parent=rna44403;Dbxref=CCDS:CCDS32359.1,GeneID:64718,Genbank:NP_001032202.1,HGNC:HGNC:14184;Name=NP_001032202.1;Note=isoform 2 is encoded by transcript variant 2;gbkey=CDS;gene=UNKL;product=putativeE3 ubiquitin-protein ligase UNKL isoform 2;protein_id=NP_001032202.1\n')",41,0.6709733308349711
">ID=cds32799;Parent=rna44403;Dbxref=CCDS:CCDS32359.1,GeneID:64718,Genbank:NP_001032202.1,HGNC:HGNC:14184;Name=NP_001032202.1;Note=isoform 2 is encoded by transcript variant 2;gbkey=CDS;gene=UNKL;product=putativeE3 ubiquitin-protein ligase UNKL isoform 2;protein_id=NP_001032202.1\n')",42,0.6709733308349711
">ID=cds32799;Parent=rna44403;Dbxref=CCDS:CCDS32359.1,GeneID:64718,Genbank:NP_001032202.1,HGNC:HGNC:14184;Name=NP_001032202.1;Note=isoform 2 is encoded by transcript variant 2;gbkey=CDS;gene=UNKL;product=putativeE3 ubiquitin-protein ligase UNKL isoform 2;protein_id=NP_001032202.1\n')",43,0.6709733308349711
">ID=cds32799;Parent=rna44403;Dbxref=CCDS:CCDS32359.1,GeneID:64718,Genbank:NP_001032202.1,HGNC:HGNC:14184;Name=NP_001032202.1;Note=isoform 2 is encoded by transcript variant 2;gbkey=CDS;gene=UNKL;product=putativeE3 ubiquitin-protein ligase UNKL isoform 2;protein_id=NP_001032202.1\n')",44,0.6709733308349712
">ID=cds32799;Parent=rna44403;Dbxref=CCDS:CCDS32359.1,GeneID:64718,Genbank:NP_001032202.1,HGNC:HGNC:14184;Name=NP_001032202.1;Note=isoform 2 is encoded by transcript variant 2;gbkey=CDS;gene=UNKL;product=putativeE3 ubiquitin-protein ligase UNKL isoform 2;protein_id=NP_001032202.1\n')",45,0.832536831083841
">ID=cds32799;Parent=rna44403;Dbxref=CCDS:CCDS32359.1,GeneID:64718,Genbank:NP_001032202.1,HGNC:HGNC:14184;Name=NP_001032202.1;Note=isoform 2 is encoded by transcript variant 2;gbkey=CDS;gene=UNKL;product=putativeE3 ubiquitin-protein ligase UNKL isoform 2;protein_id=NP_001032202.1\n')",46,0.832536831083841
">ID=cds32799;Parent=rna44403;Dbxref=CCDS:CCDS32359.1,GeneID:64718,Genbank:NP_001032202.1,HGNC:HGNC:14184;Name=NP_001032202.1;Note=isoform 2 is encoded by transcript variant 2;gbkey=CDS;gene=UNKL;product=putativeE3 ubiquitin-protein ligase UNKL isoform 2;protein_id=NP_001032202.1\n')",47,0.832536831083841
">ID=cds32799;Parent=rna44403;Dbxref=CCDS:CCDS32359.1,GeneID:64718,Genbank:NP_001032202.1,HGNC:HGNC:14184;Name=NP_001032202.1;Note=isoform 2 is encoded by transcript variant 2;gbkey=CDS;gene=UNKL;product=putativeE3 ubiquitin-protein ligase UNKL isoform 2;protein_id=NP_001032202.1\n')",48,0.8386344116344576
">ID=cds32799;Parent=rna44403;Dbxref=CCDS:CCDS32359.1,GeneID:64718,Genbank:NP_001032202.1,HGNC:HGNC:14184;Name=NP_001032202.1;Note=isoform 2 is encoded by transcript variant 2;gbkey=CDS;gene=UNKL;product=putativeE3 ubiquitin-protein ligase UNKL isoform 2;protein_id=NP_001032202.1\n')",49,0.896648922066532
">ID=cds32799;Parent=rna44403;Dbxref=CCDS:CCDS32359.1,GeneID:64718,Genbank:NP_001032202.1,HGNC:HGNC:14184;Name=NP_001032202.1;Note=isoform 2 is encoded by transcript variant 2;gbkey=CDS;gene=UNKL;product=putativeE3 ubiquitin-protein ligase UNKL isoform 2;protein_id=NP_001032202.1\n')",50,0.896648922066532
">ID=cds32799;Parent=rna44403;Dbxref=CCDS:CCDS32359.1,GeneID:64718,Genbank:NP_001032202.1,HGNC:HGNC:14184;Name=NP_001032202.1;Note=isoform 2 is encoded by transcript variant 2;gbkey=CDS;gene=UNKL;product=putativeE3 ubiquitin-protein ligase UNKL isoform 2;protein_id=NP_001032202.1\n')",51,0.896648922066532
">ID=cds32799;Parent=rna44403;Dbxref=CCDS:CCDS32359.1,GeneID:64718,Genbank:NP_001032202.1,HGNC:HGNC:14184;Name=NP_001032202.1;Note=isoform 2 is encoded by transcript variant 2;gbkey=CDS;gene=UNKL;product=putativeE3 ubiquitin-protein ligase UNKL isoform 2;protein_id=NP_001032202.1\n')",52,0.8896820367044483
">ID=cds32799;Parent=rna44403;Dbxref=CCDS:CCDS32359.1,GeneID:64718,Genbank:NP_001032202.1,HGNC:HGNC:14184;Name=NP_001032202.1;Note=isoform 2 is encoded by transcript variant 2;gbkey=CDS;gene=UNKL;product=putativeE3 ubiquitin-protein ligase UNKL isoform 2;protein_id=NP_001032202.1\n')",53,0.8732368366291166
">ID=cds32799;Parent=rna44403;Dbxref=CCDS:CCDS32359.1,GeneID:64718,Genbank:NP_001032202.1,HGNC:HGNC:14184;Name=NP_001032202.1;Note=isoform 2 is encoded by transcript variant 2;gbkey=CDS;gene=UNKL;product=putativeE3 ubiquitin-protein ligase UNKL isoform 2;protein_id=NP_001032202.1\n')",54,0.8573885606821863
">ID=cds32799;Parent=rna44403;Dbxref=CCDS:CCDS32359.1,GeneID:64718,Genbank:NP_001032202.1,HGNC:HGNC:14184;Name=NP_001032202.1;Note=isoform 2 is encoded by transcript variant 2;gbkey=CDS;gene=UNKL;product=putativeE3 ubiquitin-protein ligase UNKL isoform 2;protein_id=NP_001032202.1\n')",55,0.8561372706215222
">ID=cds32799;Parent=rna44403;Dbxref=CCDS:CCDS32359.1,GeneID:64718,Genbank:NP_001032202.1,HGNC:HGNC:14184;Name=NP_001032202.1;Note=isoform 2 is encoded by transcript variant 2;gbkey=CDS;gene=UNKL;product=putativeE3 ubiquitin-protein ligase UNKL isoform 2;protein_id=NP_001032202.1\n')",56,0.8561372706215222
">ID=cds32799;Parent=rna44403;Dbxref=CCDS:CCDS32359.1,GeneID:64718,Genbank:NP_001032202.1,HGNC:HGNC:14184;Name=NP_001032202.1;Note=isoform 2 is encoded by transcript variant 2;gbkey=CDS;gene=UNKL;product=putativeE3 ubiquitin-protein ligase UNKL isoform 2;protein_id=NP_001032202.1\n')",57,0.7792405969206674
">ID=cds32799;Parent=rna44403;Dbxref=CCDS:CCDS32359.1,GeneID:64718,Genbank:NP_001032202.1,HGNC:HGNC:14184;Name=NP_001032202.1;Note=isoform 2 is encoded by transcript variant 2;gbkey=CDS;gene=UNKL;product=putativeE3 ubiquitin-protein ligase UNKL isoform 2;protein_id=NP_001032202.1\n')",58,0.8408981780506151
">ID=cds32799;Parent=rna44403;Dbxref=CCDS:CCDS32359.1,GeneID:64718,Genbank:NP_001032202.1,HGNC:HGNC:14184;Name=NP_001032202.1;Note=isoform 2 is encoded by transcript variant 2;gbkey=CDS;gene=UNKL;product=putativeE3 ubiquitin-protein ligase UNKL isoform 2;protein_id=NP_001032202.1\n')",59,0.8396945241189646
">ID=cds32799;Parent=rna44403;Dbxref=CCDS:CCDS32359.1,GeneID:64718,Genbank:NP_001032202.1,HGNC:HGNC:14184;Name=NP_001032202.1;Note=isoform 2 is encoded by transcript variant 2;gbkey=CDS;gene=UNKL;product=putativeE3 ubiquitin-protein ligase UNKL isoform 2;protein_id=NP_001032202.1\n')",60,0.8250301532900425
">ID=cds32799;Parent=rna44403;Dbxref=CCDS:CCDS32359.1,GeneID:64718,Genbank:NP_001032202.1,HGNC:HGNC:14184;Name=NP_001032202.1;Note=isoform 2 is encoded by transcript variant 2;gbkey=CDS;gene=UNKL;product=putativeE3 ubiquitin-protein ligase UNKL isoform 2;protein_id=NP_001032202.1\n')",61,0.8310178748771212
">ID=cds32799;Parent=rna44403;Dbxref=CCDS:CCDS32359.1,GeneID:64718,Genbank:NP_001032202.1,HGNC:HGNC:14184;Name=NP_001032202.1;Note=isoform 2 is encoded by transcript variant 2;gbkey=CDS;gene=UNKL;product=putativeE3 ubiquitin-protein ligase UNKL isoform 2;protein_id=NP_001032202.1\n')",62,0.8458977932669409
">ID=cds32799;Parent=rna44403;Dbxref=CCDS:CCDS32359.1,GeneID:64718,Genbank:NP_001032202.1,HGNC:HGNC:14184;Name=NP_001032202.1;Note=isoform 2 is encoded by transcript variant 2;gbkey=CDS;gene=UNKL;product=putativeE3 ubiquitin-protein ligase UNKL isoform 2;protein_id=NP_001032202.1\n')",63,0.8613202963252661
">ID=cds32799;Parent=rna44403;Dbxref=CCDS:CCDS32359.1,GeneID:64718,Genbank:NP_001032202.1,HGNC:HGNC:14184;Name=NP_001032202.1;Note=isoform 2 is encoded by transcript variant 2;gbkey=CDS;gene=UNKL;product=putativeE3 ubiquitin-protein ligase UNKL isoform 2;protein_id=NP_001032202.1\n')",64,0.8625867939868649
">ID=cds32799;Parent=rna44403;Dbxref=CCDS:CCDS32359.1,GeneID:64718,Genbank:NP_001032202.1,HGNC:HGNC:14184;Name=NP_001032202.1;Note=isoform 2 is encoded by transcript variant 2;gbkey=CDS;gene=UNKL;product=putativeE3 ubiquitin-protein ligase UNKL isoform 2;protein_id=NP_001032202.1\n')",65,0.8625867939868649
">ID=cds32799;Parent=rna44403;Dbxref=CCDS:CCDS32359.1,GeneID:64718,Genbank:NP_001032202.1,HGNC:HGNC:14184;Name=NP_001032202.1;Note=isoform 2 is encoded by transcript variant 2;gbkey=CDS;gene=UNKL;product=putativeE3 ubiquitin-protein ligase UNKL isoform 2;protein_id=NP_001032202.1\n')",66,0.9578177796087839
">ID=cds32799;Parent=rna44403;Dbxref=CCDS:CCDS32359.1,GeneID:64718,Genbank:NP_001032202.1,HGNC:HGNC:14184;Name=NP_001032202.1;Note=isoform 2 is encoded by transcript variant 2;gbkey=CDS;gene=UNKL;product=putativeE3 ubiquitin-protein ligase UNKL isoform 2;protein_id=NP_001032202.1\n')",67,0.9776391543818701
">ID=cds32799;Parent=rna44403;Dbxref=CCDS:CCDS32359.1,GeneID:64718,Genbank:NP_001032202.1,HGNC:HGNC:14184;Name=NP_001032202.1;Note=isoform 2 is encoded by transcript variant 2;gbkey=CDS;gene=UNKL;product=putativeE3 ubiquitin-protein ligase UNKL isoform 2;protein_id=NP_001032202.1\n')",68,0.9792711479849465
">ID=cds32799;Parent=rna44403;Dbxref=CCDS:CCDS32359.1,GeneID:64718,Genbank:NP_001032202.1,HGNC:HGNC:14184;Name=NP_001032202.1;Note=isoform 2 is encoded by transcript variant 2;gbkey=CDS;gene=UNKL;product=putativeE3 ubiquitin-protein ligase UNKL isoform 2;protein_id=NP_001032202.1\n')",69,1.0
">ID=cds32799;Parent=rna44403;Dbxref=CCDS:CCDS32359.1,GeneID:64718,Genbank:NP_001032202.1,HGNC:HGNC:14184;Name=NP_001032202.1;Note=isoform 2 is encoded by transcript variant 2;gbkey=CDS;gene=UNKL;product=putativeE3 ubiquitin-protein ligase UNKL isoform 2;protein_id=NP_001032202.1\n')",70,1.0
">ID=cds32799;Parent=rna44403;Dbxref=CCDS:CCDS32359.1,GeneID:64718,Genbank:NP_001032202.1,HGNC:HGNC:14184;Name=NP_001032202.1;Note=isoform 2 is encoded by transcript variant 2;gbkey=CDS;gene=UNKL;product=putativeE3 ubiquitin-protein ligase UNKL isoform 2;protein_id=NP_001032202.1\n')",71,1.0
">ID=cds32799;Parent=rna44403;Dbxref=CCDS:CCDS32359.1,GeneID:64718,Genbank:NP_001032202.1,HGNC:HGNC:14184;Name=NP_001032202.1;Note=isoform 2 is encoded by transcript variant 2;gbkey=CDS;gene=UNKL;product=putativeE3 ubiquitin-protein ligase UNKL isoform 2;protein_id=NP_001032202.1\n')",72,1.0
">ID=cds32799;Parent=rna44403;Dbxref=CCDS:CCDS32359.1,GeneID:64718,Genbank:NP_001032202.1,HGNC:HGNC:14184;Name=NP_001032202.1;Note=isoform 2 is encoded by transcript variant 2;gbkey=CDS;gene=UNKL;product=putativeE3 ubiquitin-protein ligase UNKL isoform 2;protein_id=NP_001032202.1\n')",73,0.986977072806587
">ID=cds32799;Parent=rna44403;Dbxref=CCDS:CCDS32359.1,GeneID:64718,Genbank:NP_001032202.1,HGNC:HGNC:14184;Name=NP_001032202.1;Note=isoform 2 is encoded by transcript variant 2;gbkey=CDS;gene=UNKL;product=putativeE3 ubiquitin-protein ligase UNKL isoform 2;protein_id=NP_001032202.1\n')",74,0.986977072806587
">ID=cds32799;Parent=rna44403;Dbxref=CCDS:CCDS32359.1,GeneID:64718,Genbank:NP_001032202.1,HGNC:HGNC:14184;Name=NP_001032202.1;Note=isoform 2 is encoded by transcript variant 2;gbkey=CDS;gene=UNKL;product=putativeE3 ubiquitin-protein ligase UNKL isoform 2;protein_id=NP_001032202.1\n')",75,0.986977072806587
">ID=cds32799;Parent=rna44403;Dbxref=CCDS:CCDS32359.1,GeneID:64718,Genbank:NP_001032202.1,HGNC:HGNC:14184;Name=NP_001032202.1;Note=isoform 2 is encoded by transcript variant 2;gbkey=CDS;gene=UNKL;product=putativeE3 ubiquitin-protein ligase UNKL isoform 2;protein_id=NP_001032202.1\n')",76,0.986977072806587
">ID=cds32799;Parent=rna44403;Dbxref=CCDS:CCDS32359.1,GeneID:64718,Genbank:NP_001032202.1,HGNC:HGNC:14184;Name=NP_001032202.1;Note=isoform 2 is encoded by transcript variant 2;gbkey=CDS;gene=UNKL;product=putativeE3 ubiquitin-protein ligase UNKL isoform 2;protein_id=NP_001032202.1\n')",77,0.9538764891161796
">ID=cds32799;Parent=rna44403;Dbxref=CCDS:CCDS32359.1,GeneID:64718,Genbank:NP_001032202.1,HGNC:HGNC:14184;Name=NP_001032202.1;Note=isoform 2 is encoded by transcript variant 2;gbkey=CDS;gene=UNKL;product=putativeE3 ubiquitin-protein ligase UNKL isoform 2;protein_id=NP_001032202.1\n')",78,0.9538764891161797
">ID=cds32799;Parent=rna44403;Dbxref=CCDS:CCDS32359.1,GeneID:64718,Genbank:NP_001032202.1,HGNC:HGNC:14184;Name=NP_001032202.1;Note=isoform 2 is encoded by transcript variant 2;gbkey=CDS;gene=UNKL;product=putativeE3 ubiquitin-protein ligase UNKL isoform 2;protein_id=NP_001032202.1\n')",79,0.9538764891161797
">ID=cds32799;Parent=rna44403;Dbxref=CCDS:CCDS32359.1,GeneID:64718,Genbank:NP_001032202.1,HGNC:HGNC:14184;Name=NP_001032202.1;Note=isoform 2 is encoded by transcript variant 2;gbkey=CDS;gene=UNKL;product=putativeE3 ubiquitin-protein ligase UNKL isoform 2;protein_id=NP_001032202.1\n')",80,0.9538764891161797
">ID=cds32799;Parent=rna44403;Dbxref=CCDS:CCDS32359.1,GeneID:64718,Genbank:NP_001032202.1,HGNC:HGNC:14184;Name=NP_001032202.1;Note=isoform 2 is encoded by transcript variant 2;gbkey=CDS;gene=UNKL;product=putativeE3 ubiquitin-protein ligase UNKL isoform 2;protein_id=NP_001032202.1\n')",81,0.9538764891161797
">ID=cds32799;Parent=rna44403;Dbxref=CCDS:CCDS32359.1,GeneID:64718,Genbank:NP_001032202.1,HGNC:HGNC:14184;Name=NP_001032202.1;Note=isoform 2 is encoded by transcript variant 2;gbkey=CDS;gene=UNKL;product=putativeE3 ubiquitin-protein ligase UNKL isoform 2;protein_id=NP_001032202.1\n')",82,0.9660351748371198
">ID=cds32799;Parent=rna44403;Dbxref=CCDS:CCDS32359.1,GeneID:64718,Genbank:NP_001032202.1,HGNC:HGNC:14184;Name=NP_001032202.1;Note=isoform 2 is encoded by transcript variant 2;gbkey=CDS;gene=UNKL;product=putativeE3 ubiquitin-protein ligase UNKL isoform 2;protein_id=NP_001032202.1\n')",83,0.9660351748371198
">ID=cds32799;Parent=rna44403;Dbxref=CCDS:CCDS32359.1,GeneID:64718,Genbank:NP_001032202.1,HGNC:HGNC:14184;Name=NP_001032202.1;Note=isoform 2 is encoded by transcript variant 2;gbkey=CDS;gene=UNKL;product=putativeE3 ubiquitin-protein ligase UNKL isoform 2;protein_id=NP_001032202.1\n')",84,0.9660351748371198
">ID=cds32799;Parent=rna44403;Dbxref=CCDS:CCDS32359.1,GeneID:64718,Genbank:NP_001032202.1,HGNC:HGNC:14184;Name=NP_001032202.1;Note=isoform 2 is encoded by transcript variant 2;gbkey=CDS;gene=UNKL;product=putativeE3 ubiquitin-protein ligase UNKL isoform 2;protein_id=NP_001032202.1\n')",85,0.9660351748371198
">ID=cds32799;Parent=rna44403;Dbxref=CCDS:CCDS32359.1,GeneID:64718,Genbank:NP_001032202.1,HGNC:HGNC:14184;Name=NP_001032202.1;Note=isoform 2 is encoded by transcript variant 2;gbkey=CDS;gene=UNKL;product=putativeE3 ubiquitin-protein ligase UNKL isoform 2;protein_id=NP_001032202.1\n')",86,1.0
">ID=cds32799;Parent=rna44403;Dbxref=CCDS:CCDS32359.1,GeneID:64718,Genbank:NP_001032202.1,HGNC:HGNC:14184;Name=NP_001032202.1;Note=isoform 2 is encoded by transcript variant 2;gbkey=CDS;gene=UNKL;product=putativeE3 ubiquitin-protein ligase UNKL isoform 2;protein_id=NP_001032202.1\n')",87,1.0
">ID=cds32799;Parent=rna44403;Dbxref=CCDS:CCDS32359.1,GeneID:64718,Genbank:NP_001032202.1,HGNC:HGNC:14184;Name=NP_001032202.1;Note=isoform 2 is encoded by transcript variant 2;gbkey=CDS;gene=UNKL;product=putativeE3 ubiquitin-protein ligase UNKL isoform 2;protein_id=NP_001032202.1\n')",88,0.9842968823020071
">ID=cds32799;Parent=rna44403;Dbxref=CCDS:CCDS32359.1,GeneID:64718,Genbank:NP_001032202.1,HGNC:HGNC:14184;Name=NP_001032202.1;Note=isoform 2 is encoded by transcript variant 2;gbkey=CDS;gene=UNKL;product=putativeE3 ubiquitin-protein ligase UNKL isoform 2;protein_id=NP_001032202.1\n')",89,0.984296882302007
">ID=cds32799;Parent=rna44403;Dbxref=CCDS:CCDS32359.1,GeneID:64718,Genbank:NP_001032202.1,HGNC:HGNC:14184;Name=NP_001032202.1;Note=isoform 2 is encoded by transcript variant 2;gbkey=CDS;gene=UNKL;product=putativeE3 ubiquitin-protein ligase UNKL isoform 2;protein_id=NP_001032202.1\n')",90,0.984296882302007
">ID=cds32799;Parent=rna44403;Dbxref=CCDS:CCDS32359.1,GeneID:64718,Genbank:NP_001032202.1,HGNC:HGNC:14184;Name=NP_001032202.1;Note=isoform 2 is encoded by transcript variant 2;gbkey=CDS;gene=UNKL;product=putativeE3 ubiquitin-protein ligase UNKL isoform 2;protein_id=NP_001032202.1\n')",91,0.984296882302007
">ID=cds32799;Parent=rna44403;Dbxref=CCDS:CCDS32359.1,GeneID:64718,Genbank:NP_001032202.1,HGNC:HGNC:14184;Name=NP_001032202.1;Note=isoform 2 is encoded by transcript variant 2;gbkey=CDS;gene=UNKL;product=putativeE3 ubiquitin-protein ligase UNKL isoform 2;protein_id=NP_001032202.1\n')",92,0.984296882302007
">ID=cds32799;Parent=rna44403;Dbxref=CCDS:CCDS32359.1,GeneID:64718,Genbank:NP_001032202.1,HGNC:HGNC:14184;Name=NP_001032202.1;Note=isoform 2 is encoded by transcript variant 2;gbkey=CDS;gene=UNKL;product=putativeE3 ubiquitin-protein ligase UNKL isoform 2;protein_id=NP_001032202.1\n')",93,0.9759077644677242
">ID=cds32799;Parent=rna44403;Dbxref=CCDS:CCDS32359.1,GeneID:64718,Genbank:NP_001032202.1,HGNC:HGNC:14184;Name=NP_001032202.1;Note=isoform 2 is encoded by transcript variant 2;gbkey=CDS;gene=UNKL;product=putativeE3 ubiquitin-protein ligase UNKL isoform 2;protein_id=NP_001032202.1\n')",94,0.7960467444647583
">ID=cds32799;Parent=rna44403;Dbxref=CCDS:CCDS32359.1,GeneID:64718,Genbank:NP_001032202.1,HGNC:HGNC:14184;Name=NP_001032202.1;Note=isoform 2 is encoded by transcript variant 2;gbkey=CDS;gene=UNKL;product=putativeE3 ubiquitin-protein ligase UNKL isoform 2;protein_id=NP_001032202.1\n')",95,0.6721657560237673
">ID=cds32799;Parent=rna44403;Dbxref=CCDS:CCDS32359.1,GeneID:64718,Genbank:NP_001032202.1,HGNC:HGNC:14184;Name=NP_001032202.1;Note=isoform 2 is encoded by transcript variant 2;gbkey=CDS;gene=UNKL;product=putativeE3 ubiquitin-protein ligase UNKL isoform 2;protein_id=NP_001032202.1\n')",96,0.6551913508246573
">ID=cds32799;Parent=rna44403;Dbxref=CCDS:CCDS32359.1,GeneID:64718,Genbank:NP_001032202.1,HGNC:HGNC:14184;Name=NP_001032202.1;Note=isoform 2 is encoded by transcript variant 2;gbkey=CDS;gene=UNKL;product=putativeE3 ubiquitin-protein ligase UNKL isoform 2;protein_id=NP_001032202.1\n')",97,0.6621122022119003
">ID=cds32799;Parent=rna44403;Dbxref=CCDS:CCDS32359.1,GeneID:64718,Genbank:NP_001032202.1,HGNC:HGNC:14184;Name=NP_001032202.1;Note=isoform 2 is encoded by transcript variant 2;gbkey=CDS;gene=UNKL;product=putativeE3 ubiquitin-protein ligase UNKL isoform 2;protein_id=NP_001032202.1\n')",98,0.6525550264450893
">ID=cds32799;Parent=rna44403;Dbxref=CCDS:CCDS32359.1,GeneID:64718,Genbank:NP_001032202.1,HGNC:HGNC:14184;Name=NP_001032202.1;Note=isoform 2 is encoded by transcript variant 2;gbkey=CDS;gene=UNKL;product=putativeE3 ubiquitin-protein ligase UNKL isoform 2;protein_id=NP_001032202.1\n')",99,0.6379191339337
">ID=cds32799;Parent=rna44403;Dbxref=CCDS:CCDS32359.1,GeneID:64718,Genbank:NP_001032202.1,HGNC:HGNC:14184;Name=NP_001032202.1;Note=isoform 2 is encoded by transcript variant 2;gbkey=CDS;gene=UNKL;product=putativeE3 ubiquitin-protein ligase UNKL isoform 2;protein_id=NP_001032202.1\n')",100,0.6294199268929179
">ID=cds32799;Parent=rna44403;Dbxref=CCDS:CCDS32359.1,GeneID:64718,Genbank:NP_001032202.1,HGNC:HGNC:14184;Name=NP_001032202.1;Note=isoform 2 is encoded by transcript variant 2;gbkey=CDS;gene=UNKL;product=putativeE3 ubiquitin-protein ligase UNKL isoform 2;protein_id=NP_001032202.1\n')",101,0.6294199268929179
">ID=cds32799;Parent=rna44403;Dbxref=CCDS:CCDS32359.1,GeneID:64718,Genbank:NP_001032202.1,HGNC:HGNC:14184;Name=NP_001032202.1;Note=isoform 2 is encoded by transcript variant 2;gbkey=CDS;gene=UNKL;product=putativeE3 ubiquitin-protein ligase UNKL isoform 2;protein_id=NP_001032202.1\n')",102,0.6328989416374943
">ID=cds32799;Parent=rna44403;Dbxref=CCDS:CCDS32359.1,GeneID:64718,Genbank:NP_001032202.1,HGNC:HGNC:14184;Name=NP_001032202.1;Note=isoform 2 is encoded by transcript variant 2;gbkey=CDS;gene=UNKL;product=putativeE3 ubiquitin-protein ligase UNKL isoform 2;protein_id=NP_001032202.1\n')",103,0.7415589571037783
">ID=cds32799;Parent=rna44403;Dbxref=CCDS:CCDS32359.1,GeneID:64718,Genbank:NP_001032202.1,HGNC:HGNC:14184;Name=NP_001032202.1;Note=isoform 2 is encoded by transcript variant 2;gbkey=CDS;gene=UNKL;product=putativeE3 ubiquitin-protein ligase UNKL isoform 2;protein_id=NP_001032202.1\n')",104,0.8952633154133751
">ID=cds32799;Parent=rna44403;Dbxref=CCDS:CCDS32359.1,GeneID:64718,Genbank:NP_001032202.1,HGNC:HGNC:14184;Name=NP_001032202.1;Note=isoform 2 is encoded by transcript variant 2;gbkey=CDS;gene=UNKL;product=putativeE3 ubiquitin-protein ligase UNKL isoform 2;protein_id=NP_001032202.1\n')",105,0.7863249698314186
">ID=cds32799;Parent=rna44403;Dbxref=CCDS:CCDS32359.1,GeneID:64718,Genbank:NP_001032202.1,HGNC:HGNC:14184;Name=NP_001032202.1;Note=isoform 2 is encoded by transcript variant 2;gbkey=CDS;gene=UNKL;product=putativeE3 ubiquitin-protein ligase UNKL isoform 2;protein_id=NP_001032202.1\n')",106,0.7863249698314186
">ID=cds32799;Parent=rna44403;Dbxref=CCDS:CCDS32359.1,GeneID:64718,Genbank:NP_001032202.1,HGNC:HGNC:14184;Name=NP_001032202.1;Note=isoform 2 is encoded by transcript variant 2;gbkey=CDS;gene=UNKL;product=putativeE3 ubiquitin-protein ligase UNKL isoform 2;protein_id=NP_001032202.1\n')",107,0.8002438812652324
">ID=cds32799;Parent=rna44403;Dbxref=CCDS:CCDS32359.1,GeneID:64718,Genbank:NP_001032202.1,HGNC:HGNC:14184;Name=NP_001032202.1;Note=isoform 2 is encoded by transcript variant 2;gbkey=CDS;gene=UNKL;product=putativeE3 ubiquitin-protein ligase UNKL isoform 2;protein_id=NP_001032202.1\n')",108,0.8052817778925172
">ID=cds32799;Parent=rna44403;Dbxref=CCDS:CCDS32359.1,GeneID:64718,Genbank:NP_001032202.1,HGNC:HGNC:14184;Name=NP_001032202.1;Note=isoform 2 is encoded by transcript variant 2;gbkey=CDS;gene=UNKL;product=putativeE3 ubiquitin-protein ligase UNKL isoform 2;protein_id=NP_001032202.1\n')",109,0.8046648024109008
">ID=cds32799;Parent=rna44403;Dbxref=CCDS:CCDS32359.1,GeneID:64718,Genbank:NP_001032202.1,HGNC:HGNC:14184;Name=NP_001032202.1;Note=isoform 2 is encoded by transcript variant 2;gbkey=CDS;gene=UNKL;product=putativeE3 ubiquitin-protein ligase UNKL isoform 2;protein_id=NP_001032202.1\n')",110,0.7814599302762295
">ID=cds32799;Parent=rna44403;Dbxref=CCDS:CCDS32359.1,GeneID:64718,Genbank:NP_001032202.1,HGNC:HGNC:14184;Name=NP_001032202.1;Note=isoform 2 is encoded by transcript variant 2;gbkey=CDS;gene=UNKL;product=putativeE3 ubiquitin-protein ligase UNKL isoform 2;protein_id=NP_001032202.1\n')",111,0.7814599302762295
">ID=cds32799;Parent=rna44403;Dbxref=CCDS:CCDS32359.1,GeneID:64718,Genbank:NP_001032202.1,HGNC:HGNC:14184;Name=NP_001032202.1;Note=isoform 2 is encoded by transcript variant 2;gbkey=CDS;gene=UNKL;product=putativeE3 ubiquitin-protein ligase UNKL isoform 2;protein_id=NP_001032202.1\n')",112,0.7814599302762295
">ID=cds32799;Parent=rna44403;Dbxref=CCDS:CCDS32359.1,GeneID:64718,Genbank:NP_001032202.1,HGNC:HGNC:14184;Name=NP_001032202.1;Note=isoform 2 is encoded by transcript variant 2;gbkey=CDS;gene=UNKL;product=putativeE3 ubiquitin-protein ligase UNKL isoform 2;protein_id=NP_001032202.1\n')",113,0.7814599302762295
">ID=cds32799;Parent=rna44403;Dbxref=CCDS:CCDS32359.1,GeneID:64718,Genbank:NP_001032202.1,HGNC:HGNC:14184;Name=NP_001032202.1;Note=isoform 2 is encoded by transcript variant 2;gbkey=CDS;gene=UNKL;product=putativeE3 ubiquitin-protein ligase UNKL isoform 2;protein_id=NP_001032202.1\n')",114,0.9205020228988039
">ID=cds32799;Parent=rna44403;Dbxref=CCDS:CCDS32359.1,GeneID:64718,Genbank:NP_001032202.1,HGNC:HGNC:14184;Name=NP_001032202.1;Note=isoform 2 is encoded by transcript variant 2;gbkey=CDS;gene=UNKL;product=putativeE3 ubiquitin-protein ligase UNKL isoform 2;protein_id=NP_001032202.1\n')",115,0.9205020228988039
">ID=cds32799;Parent=rna44403;Dbxref=CCDS:CCDS32359.1,GeneID:64718,Genbank:NP_001032202.1,HGNC:HGNC:14184;Name=NP_001032202.1;Note=isoform 2 is encoded by transcript variant 2;gbkey=CDS;gene=UNKL;product=putativeE3 ubiquitin-protein ligase UNKL isoform 2;protein_id=NP_001032202.1\n')",116,0.9021334102234143
">ID=cds32799;Parent=rna44403;Dbxref=CCDS:CCDS32359.1,GeneID:64718,Genbank:NP_001032202.1,HGNC:HGNC:14184;Name=NP_001032202.1;Note=isoform 2 is encoded by transcript variant 2;gbkey=CDS;gene=UNKL;product=putativeE3 ubiquitin-protein ligase UNKL isoform 2;protein_id=NP_001032202.1\n')",117,0.924947702930318
">ID=cds32799;Parent=rna44403;Dbxref=CCDS:CCDS32359.1,GeneID:64718,Genbank:NP_001032202.1,HGNC:HGNC:14184;Name=NP_001032202.1;Note=isoform 2 is encoded by transcript variant 2;gbkey=CDS;gene=UNKL;product=putativeE3 ubiquitin-protein ligase UNKL isoform 2;protein_id=NP_001032202.1\n')",118,0.8776639346750097
">ID=cds32799;Parent=rna44403;Dbxref=CCDS:CCDS32359.1,GeneID:64718,Genbank:NP_001032202.1,HGNC:HGNC:14184;Name=NP_001032202.1;Note=isoform 2 is encoded by transcript variant 2;gbkey=CDS;gene=UNKL;product=putativeE3 ubiquitin-protein ligase UNKL isoform 2;protein_id=NP_001032202.1\n')",119,0.7717370973335366
">ID=cds32799;Parent=rna44403;Dbxref=CCDS:CCDS32359.1,GeneID:64718,Genbank:NP_001032202.1,HGNC:HGNC:14184;Name=NP_001032202.1;Note=isoform 2 is encoded by transcript variant 2;gbkey=CDS;gene=UNKL;product=putativeE3 ubiquitin-protein ligase UNKL isoform 2;protein_id=NP_001032202.1\n')",120,0.7717370973335366
">ID=cds32799;Parent=rna44403;Dbxref=CCDS:CCDS32359.1,GeneID:64718,Genbank:NP_001032202.1,HGNC:HGNC:14184;Name=NP_001032202.1;Note=isoform 2 is encoded by transcript variant 2;gbkey=CDS;gene=UNKL;product=putativeE3 ubiquitin-protein ligase UNKL isoform 2;protein_id=NP_001032202.1\n')",121,0.7717370973335366
">ID=cds32799;Parent=rna44403;Dbxref=CCDS:CCDS32359.1,GeneID:64718,Genbank:NP_001032202.1,HGNC:HGNC:14184;Name=NP_001032202.1;Note=isoform 2 is encoded by transcript variant 2;gbkey=CDS;gene=UNKL;product=putativeE3 ubiquitin-protein ligase UNKL isoform 2;protein_id=NP_001032202.1\n')",122,0.7717370973335366
">ID=cds32799;Parent=rna44403;Dbxref=CCDS:CCDS32359.1,GeneID:64718,Genbank:NP_001032202.1,HGNC:HGNC:14184;Name=NP_001032202.1;Note=isoform 2 is encoded by transcript variant 2;gbkey=CDS;gene=UNKL;product=putativeE3 ubiquitin-protein ligase UNKL isoform 2;protein_id=NP_001032202.1\n')",123,0.7717370973335366
">ID=cds32799;Parent=rna44403;Dbxref=CCDS:CCDS32359.1,GeneID:64718,Genbank:NP_001032202.1,HGNC:HGNC:14184;Name=NP_001032202.1;Note=isoform 2 is encoded by transcript variant 2;gbkey=CDS;gene=UNKL;product=putativeE3 ubiquitin-protein ligase UNKL isoform 2;protein_id=NP_001032202.1\n')",124,0.7717370973335366
">ID=cds32799;Parent=rna44403;Dbxref=CCDS:CCDS32359.1,GeneID:64718,Genbank:NP_001032202.1,HGNC:HGNC:14184;Name=NP_001032202.1;Note=isoform 2 is encoded by transcript variant 2;gbkey=CDS;gene=UNKL;product=putativeE3 ubiquitin-protein ligase UNKL isoform 2;protein_id=NP_001032202.1\n')",125,0.780071104152929
">ID=cds32799;Parent=rna44403;Dbxref=CCDS:CCDS32359.1,GeneID:64718,Genbank:NP_001032202.1,HGNC:HGNC:14184;Name=NP_001032202.1;Note=isoform 2 is encoded by transcript variant 2;gbkey=CDS;gene=UNKL;product=putativeE3 ubiquitin-protein ligase UNKL isoform 2;protein_id=NP_001032202.1\n')",126,0.7573016245231168
">ID=cds32799;Parent=rna44403;Dbxref=CCDS:CCDS32359.1,GeneID:64718,Genbank:NP_001032202.1,HGNC:HGNC:14184;Name=NP_001032202.1;Note=isoform 2 is encoded by transcript variant 2;gbkey=CDS;gene=UNKL;product=putativeE3 ubiquitin-protein ligase UNKL isoform 2;protein_id=NP_001032202.1\n')",127,0.8063787998604762
">ID=cds32799;Parent=rna44403;Dbxref=CCDS:CCDS32359.1,GeneID:64718,Genbank:NP_001032202.1,HGNC:HGNC:14184;Name=NP_001032202.1;Note=isoform 2 is encoded by transcript variant 2;gbkey=CDS;gene=UNKL;product=putativeE3 ubiquitin-protein ligase UNKL isoform 2;protein_id=NP_001032202.1\n')",128,0.9552744853608199
">ID=cds32799;Parent=rna44403;Dbxref=CCDS:CCDS32359.1,GeneID:64718,Genbank:NP_001032202.1,HGNC:HGNC:14184;Name=NP_001032202.1;Note=isoform 2 is encoded by transcript variant 2;gbkey=CDS;gene=UNKL;product=putativeE3 ubiquitin-protein ligase UNKL isoform 2;protein_id=NP_001032202.1\n')",129,0.9409345442610528
">ID=cds32799;Parent=rna44403;Dbxref=CCDS:CCDS32359.1,GeneID:64718,Genbank:NP_001032202.1,HGNC:HGNC:14184;Name=NP_001032202.1;Note=isoform 2 is encoded by transcript variant 2;gbkey=CDS;gene=UNKL;product=putativeE3 ubiquitin-protein ligase UNKL isoform 2;protein_id=NP_001032202.1\n')",130,0.9409345442610526
">ID=cds32799;Parent=rna44403;Dbxref=CCDS:CCDS32359.1,GeneID:64718,Genbank:NP_001032202.1,HGNC:HGNC:14184;Name=NP_001032202.1;Note=isoform 2 is encoded by transcript variant 2;gbkey=CDS;gene=UNKL;product=putativeE3 ubiquitin-protein ligase UNKL isoform 2;protein_id=NP_001032202.1\n')",131,0.9409345442610526
">ID=cds32799;Parent=rna44403;Dbxref=CCDS:CCDS32359.1,GeneID:64718,Genbank:NP_001032202.1,HGNC:HGNC:14184;Name=NP_001032202.1;Note=isoform 2 is encoded by transcript variant 2;gbkey=CDS;gene=UNKL;product=putativeE3 ubiquitin-protein ligase UNKL isoform 2;protein_id=NP_001032202.1\n')",132,0.7396464349521744
">ID=cds32799;Parent=rna44403;Dbxref=CCDS:CCDS32359.1,GeneID:64718,Genbank:NP_001032202.1,HGNC:HGNC:14184;Name=NP_001032202.1;Note=isoform 2 is encoded by transcript variant 2;gbkey=CDS;gene=UNKL;product=putativeE3 ubiquitin-protein ligase UNKL isoform 2;protein_id=NP_001032202.1\n')",133,0.7396464349521744
">ID=cds32799;Parent=rna44403;Dbxref=CCDS:CCDS32359.1,GeneID:64718,Genbank:NP_001032202.1,HGNC:HGNC:14184;Name=NP_001032202.1;Note=isoform 2 is encoded by transcript variant 2;gbkey=CDS;gene=UNKL;product=putativeE3 ubiquitin-protein ligase UNKL isoform 2;protein_id=NP_001032202.1\n')",134,0.7442020074386183
">ID=cds32799;Parent=rna44403;Dbxref=CCDS:CCDS32359.1,GeneID:64718,Genbank:NP_001032202.1,HGNC:HGNC:14184;Name=NP_001032202.1;Note=isoform 2 is encoded by transcript variant 2;gbkey=CDS;gene=UNKL;product=putativeE3 ubiquitin-protein ligase UNKL isoform 2;protein_id=NP_001032202.1\n')",135,0.7661791482982627
">ID=cds32799;Parent=rna44403;Dbxref=CCDS:CCDS32359.1,GeneID:64718,Genbank:NP_001032202.1,HGNC:HGNC:14184;Name=NP_001032202.1;Note=isoform 2 is encoded by transcript variant 2;gbkey=CDS;gene=UNKL;product=putativeE3 ubiquitin-protein ligase UNKL isoform 2;protein_id=NP_001032202.1\n')",136,0.7661791482982627
">ID=cds32799;Parent=rna44403;Dbxref=CCDS:CCDS32359.1,GeneID:64718,Genbank:NP_001032202.1,HGNC:HGNC:14184;Name=NP_001032202.1;Note=isoform 2 is encoded by transcript variant 2;gbkey=CDS;gene=UNKL;product=putativeE3 ubiquitin-protein ligase UNKL isoform 2;protein_id=NP_001032202.1\n')",137,0.7661791482982627
">ID=cds32799;Parent=rna44403;Dbxref=CCDS:CCDS32359.1,GeneID:64718,Genbank:NP_001032202.1,HGNC:HGNC:14184;Name=NP_001032202.1;Note=isoform 2 is encoded by transcript variant 2;gbkey=CDS;gene=UNKL;product=putativeE3 ubiquitin-protein ligase UNKL isoform 2;protein_id=NP_001032202.1\n')",138,0.7756603126661376
">ID=cds32799;Parent=rna44403;Dbxref=CCDS:CCDS32359.1,GeneID:64718,Genbank:NP_001032202.1,HGNC:HGNC:14184;Name=NP_001032202.1;Note=isoform 2 is encoded by transcript variant 2;gbkey=CDS;gene=UNKL;product=putativeE3 ubiquitin-protein ligase UNKL isoform 2;protein_id=NP_001032202.1\n')",139,0.7704412500195802
">ID=cds32799;Parent=rna44403;Dbxref=CCDS:CCDS32359.1,GeneID:64718,Genbank:NP_001032202.1,HGNC:HGNC:14184;Name=NP_001032202.1;Note=isoform 2 is encoded by transcript variant 2;gbkey=CDS;gene=UNKL;product=putativeE3 ubiquitin-protein ligase UNKL isoform 2;protein_id=NP_001032202.1\n')",140,0.6709733308349712
">ID=cds32799;Parent=rna44403;Dbxref=CCDS:CCDS32359.1,GeneID:64718,Genbank:NP_001032202.1,HGNC:HGNC:14184;Name=NP_001032202.1;Note=isoform 2 is encoded by transcript variant 2;gbkey=CDS;gene=UNKL;product=putativeE3 ubiquitin-protein ligase UNKL isoform 2;protein_id=NP_001032202.1\n')",141,0.832536831083841
">ID=cds32799;Parent=rna44403;Dbxref=CCDS:CCDS32359.1,GeneID:64718,Genbank:NP_001032202.1,HGNC:HGNC:14184;Name=NP_001032202.1;Note=isoform 2 is encoded by transcript variant 2;gbkey=CDS;gene=UNKL;product=putativeE3 ubiquitin-protein ligase UNKL isoform 2;protein_id=NP_001032202.1\n')",142,0.832536831083841
">ID=cds32799;Parent=rna44403;Dbxref=CCDS:CCDS32359.1,GeneID:64718,Genbank:NP_001032202.1,HGNC:HGNC:14184;Name=NP_001032202.1;Note=isoform 2 is encoded by transcript variant 2;gbkey=CDS;gene=UNKL;product=putativeE3 ubiquitin-protein ligase UNKL isoform 2;protein_id=NP_001032202.1\n')",143,0.8216240268892296
">ID=cds32799;Parent=rna44403;Dbxref=CCDS:CCDS32359.1,GeneID:64718,Genbank:NP_001032202.1,HGNC:HGNC:14184;Name=NP_001032202.1;Note=isoform 2 is encoded by transcript variant 2;gbkey=CDS;gene=UNKL;product=putativeE3 ubiquitin-protein ligase UNKL isoform 2;protein_id=NP_001032202.1\n')",144,0.8216240268892296
">ID=cds32799;Parent=rna44403;Dbxref=CCDS:CCDS32359.1,GeneID:64718,Genbank:NP_001032202.1,HGNC:HGNC:14184;Name=NP_001032202.1;Note=isoform 2 is encoded by transcript variant 2;gbkey=CDS;gene=UNKL;product=putativeE3 ubiquitin-protein ligase UNKL isoform 2;protein_id=NP_001032202.1\n')",145,0.7563664120602787
">ID=cds32799;Parent=rna44403;Dbxref=CCDS:CCDS32359.1,GeneID:64718,Genbank:NP_001032202.1,HGNC:HGNC:14184;Name=NP_001032202.1;Note=isoform 2 is encoded by transcript variant 2;gbkey=CDS;gene=UNKL;product=putativeE3 ubiquitin-protein ligase UNKL isoform 2;protein_id=NP_001032202.1\n')",146,0.7553924505795475
">ID=cds32799;Parent=rna44403;Dbxref=CCDS:CCDS32359.1,GeneID:64718,Genbank:NP_001032202.1,HGNC:HGNC:14184;Name=NP_001032202.1;Note=isoform 2 is encoded by transcript variant 2;gbkey=CDS;gene=UNKL;product=putativeE3 ubiquitin-protein ligase UNKL isoform 2;protein_id=NP_001032202.1\n')",147,0.7553924505795475
">ID=cds32799;Parent=rna44403;Dbxref=CCDS:CCDS32359.1,GeneID:64718,Genbank:NP_001032202.1,HGNC:HGNC:14184;Name=NP_001032202.1;Note=isoform 2 is encoded by transcript variant 2;gbkey=CDS;gene=UNKL;product=putativeE3 ubiquitin-protein ligase UNKL isoform 2;protein_id=NP_001032202.1\n')",148,0.7604089558760678
">ID=cds32799;Parent=rna44403;Dbxref=CCDS:CCDS32359.1,GeneID:64718,Genbank:NP_001032202.1,HGNC:HGNC:14184;Name=NP_001032202.1;Note=isoform 2 is encoded by transcript variant 2;gbkey=CDS;gene=UNKL;product=putativeE3 ubiquitin-protein ligase UNKL isoform 2;protein_id=NP_001032202.1\n')",149,0.8907359753853917
">ID=cds32799;Parent=rna44403;Dbxref=CCDS:CCDS32359.1,GeneID:64718,Genbank:NP_001032202.1,HGNC:HGNC:14184;Name=NP_001032202.1;Note=isoform 2 is encoded by transcript variant 2;gbkey=CDS;gene=UNKL;product=putativeE3 ubiquitin-protein ligase UNKL isoform 2;protein_id=NP_001032202.1\n')",150,0.8907359753853917
">ID=cds32799;Parent=rna44403;Dbxref=CCDS:CCDS32359.1,GeneID:64718,Genbank:NP_001032202.1,HGNC:HGNC:14184;Name=NP_001032202.1;Note=isoform 2 is encoded by transcript variant 2;gbkey=CDS;gene=UNKL;product=putativeE3 ubiquitin-protein ligase UNKL isoform 2;protein_id=NP_001032202.1\n')",151,0.8907359753853917
">ID=cds32799;Parent=rna44403;Dbxref=CCDS:CCDS32359.1,GeneID:64718,Genbank:NP_001032202.1,HGNC:HGNC:14184;Name=NP_001032202.1;Note=isoform 2 is encoded by transcript variant 2;gbkey=CDS;gene=UNKL;product=putativeE3 ubiquitin-protein ligase UNKL isoform 2;protein_id=NP_001032202.1\n')",152,0.8757545299271169
">ID=cds32799;Parent=rna44403;Dbxref=CCDS:CCDS32359.1,GeneID:64718,Genbank:NP_001032202.1,HGNC:HGNC:14184;Name=NP_001032202.1;Note=isoform 2 is encoded by transcript variant 2;gbkey=CDS;gene=UNKL;product=putativeE3 ubiquitin-protein ligase UNKL isoform 2;protein_id=NP_001032202.1\n')",153,0.8757545299271171
">ID=cds32799;Parent=rna44403;Dbxref=CCDS:CCDS32359.1,GeneID:64718,Genbank:NP_001032202.1,HGNC:HGNC:14184;Name=NP_001032202.1;Note=isoform 2 is encoded by transcript variant 2;gbkey=CDS;gene=UNKL;product=putativeE3 ubiquitin-protein ligase UNKL isoform 2;protein_id=NP_001032202.1\n')",154,0.7951680962589279
">ID=cds32799;Parent=rna44403;Dbxref=CCDS:CCDS32359.1,GeneID:64718,Genbank:NP_001032202.1,HGNC:HGNC:14184;Name=NP_001032202.1;Note=isoform 2 is encoded by transcript variant 2;gbkey=CDS;gene=UNKL;product=putativeE3 ubiquitin-protein ligase UNKL isoform 2;protein_id=NP_001032202.1\n')",155,0.7962474004927771
">ID=cds32799;Parent=rna44403;Dbxref=CCDS:CCDS32359.1,GeneID:64718,Genbank:NP_001032202.1,HGNC:HGNC:14184;Name=NP_001032202.1;Note=isoform 2 is encoded by transcript variant 2;gbkey=CDS;gene=UNKL;product=putativeE3 ubiquitin-protein ligase UNKL isoform 2;protein_id=NP_001032202.1\n')",156,0.7962474004927771
">ID=cds32799;Parent=rna44403;Dbxref=CCDS:CCDS32359.1,GeneID:64718,Genbank:NP_001032202.1,HGNC:HGNC:14184;Name=NP_001032202.1;Note=isoform 2 is encoded by transcript variant 2;gbkey=CDS;gene=UNKL;product=putativeE3 ubiquitin-protein ligase UNKL isoform 2;protein_id=NP_001032202.1\n')",157,0.7962474004927771
">ID=cds32799;Parent=rna44403;Dbxref=CCDS:CCDS32359.1,GeneID:64718,Genbank:NP_001032202.1,HGNC:HGNC:14184;Name=NP_001032202.1;Note=isoform 2 is encoded by transcript variant 2;gbkey=CDS;gene=UNKL;product=putativeE3 ubiquitin-protein ligase UNKL isoform 2;protein_id=NP_001032202.1\n')",158,0.7962474004927771
">ID=cds32799;Parent=rna44403;Dbxref=CCDS:CCDS32359.1,GeneID:64718,Genbank:NP_001032202.1,HGNC:HGNC:14184;Name=NP_001032202.1;Note=isoform 2 is encoded by transcript variant 2;gbkey=CDS;gene=UNKL;product=putativeE3 ubiquitin-protein ligase UNKL isoform 2;protein_id=NP_001032202.1\n')",159,0.7962474004927771
">ID=cds32799;Parent=rna44403;Dbxref=CCDS:CCDS32359.1,GeneID:64718,Genbank:NP_001032202.1,HGNC:HGNC:14184;Name=NP_001032202.1;Note=isoform 2 is encoded by transcript variant 2;gbkey=CDS;gene=UNKL;product=putativeE3 ubiquitin-protein ligase UNKL isoform 2;protein_id=NP_001032202.1\n')",160,0.7962474004927771
">ID=cds32799;Parent=rna44403;Dbxref=CCDS:CCDS32359.1,GeneID:64718,Genbank:NP_001032202.1,HGNC:HGNC:14184;Name=NP_001032202.1;Note=isoform 2 is encoded by transcript variant 2;gbkey=CDS;gene=UNKL;product=putativeE3 ubiquitin-protein ligase UNKL isoform 2;protein_id=NP_001032202.1\n')",161,0.8191805717678037
">ID=cds32799;Parent=rna44403;Dbxref=CCDS:CCDS32359.1,GeneID:64718,Genbank:NP_001032202.1,HGNC:HGNC:14184;Name=NP_001032202.1;Note=isoform 2 is encoded by transcript variant 2;gbkey=CDS;gene=UNKL;product=putativeE3 ubiquitin-protein ligase UNKL isoform 2;protein_id=NP_001032202.1\n')",162,0.7941074203105442
">ID=cds32799;Parent=rna44403;Dbxref=CCDS:CCDS32359.1,GeneID:64718,Genbank:NP_001032202.1,HGNC:HGNC:14184;Name=NP_001032202.1;Note=isoform 2 is encoded by transcript variant 2;gbkey=CDS;gene=UNKL;product=putativeE3 ubiquitin-protein ligase UNKL isoform 2;protein_id=NP_001032202.1\n')",163,0.9313567754100172
">ID=cds32799;Parent=rna44403;Dbxref=CCDS:CCDS32359.1,GeneID:64718,Genbank:NP_001032202.1,HGNC:HGNC:14184;Name=NP_001032202.1;Note=isoform 2 is encoded by transcript variant 2;gbkey=CDS;gene=UNKL;product=putativeE3 ubiquitin-protein ligase UNKL isoform 2;protein_id=NP_001032202.1\n')",164,0.8990818437038556
">ID=cds32799;Parent=rna44403;Dbxref=CCDS:CCDS32359.1,GeneID:64718,Genbank:NP_001032202.1,HGNC:HGNC:14184;Name=NP_001032202.1;Note=isoform 2 is encoded by transcript variant 2;gbkey=CDS;gene=UNKL;product=putativeE3 ubiquitin-protein ligase UNKL isoform 2;protein_id=NP_001032202.1\n')",165,0.8215208037309947
">ID=cds32799;Parent=rna44403;Dbxref=CCDS:CCDS32359.1,GeneID:64718,Genbank:NP_001032202.1,HGNC:HGNC:14184;Name=NP_001032202.1;Note=isoform 2 is encoded by transcript variant 2;gbkey=CDS;gene=UNKL;product=putativeE3 ubiquitin-protein ligase UNKL isoform 2;protein_id=NP_001032202.1\n')",166,0.7093862232327236
">ID=cds32799;Parent=rna44403;Dbxref=CCDS:CCDS32359.1,GeneID:64718,Genbank:NP_001032202.1,HGNC:HGNC:14184;Name=NP_001032202.1;Note=isoform 2 is encoded by transcript variant 2;gbkey=CDS;gene=UNKL;product=putativeE3 ubiquitin-protein ligase UNKL isoform 2;protein_id=NP_001032202.1\n')",167,0.7025476113008595
">ID=cds32799;Parent=rna44403;Dbxref=CCDS:CCDS32359.1,GeneID:64718,Genbank:NP_001032202.1,HGNC:HGNC:14184;Name=NP_001032202.1;Note=isoform 2 is encoded by transcript variant 2;gbkey=CDS;gene=UNKL;product=putativeE3 ubiquitin-protein ligase UNKL isoform 2;protein_id=NP_001032202.1\n')",168,0.7025476113008595
">ID=cds32799;Parent=rna44403;Dbxref=CCDS:CCDS32359.1,GeneID:64718,Genbank:NP_001032202.1,HGNC:HGNC:14184;Name=NP_001032202.1;Note=isoform 2 is encoded by transcript variant 2;gbkey=CDS;gene=UNKL;product=putativeE3 ubiquitin-protein ligase UNKL isoform 2;protein_id=NP_001032202.1\n')",169,0.7025476113008595
">ID=cds32799;Parent=rna44403;Dbxref=CCDS:CCDS32359.1,GeneID:64718,Genbank:NP_001032202.1,HGNC:HGNC:14184;Name=NP_001032202.1;Note=isoform 2 is encoded by transcript variant 2;gbkey=CDS;gene=UNKL;product=putativeE3 ubiquitin-protein ligase UNKL isoform 2;protein_id=NP_001032202.1\n')",170,0.6957916329950024
">ID=cds32799;Parent=rna44403;Dbxref=CCDS:CCDS32359.1,GeneID:64718,Genbank:NP_001032202.1,HGNC:HGNC:14184;Name=NP_001032202.1;Note=isoform 2 is encoded by transcript variant 2;gbkey=CDS;gene=UNKL;product=putativeE3 ubiquitin-protein ligase UNKL isoform 2;protein_id=NP_001032202.1\n')",171,0.6957916329950022
">ID=cds32799;Parent=rna44403;Dbxref=CCDS:CCDS32359.1,GeneID:64718,Genbank:NP_001032202.1,HGNC:HGNC:14184;Name=NP_001032202.1;Note=isoform 2 is encoded by transcript variant 2;gbkey=CDS;gene=UNKL;product=putativeE3 ubiquitin-protein ligase UNKL isoform 2;protein_id=NP_001032202.1\n')",172,0.66354283220318
">ID=cds32799;Parent=rna44403;Dbxref=CCDS:CCDS32359.1,GeneID:64718,Genbank:NP_001032202.1,HGNC:HGNC:14184;Name=NP_001032202.1;Note=isoform 2 is encoded by transcript variant 2;gbkey=CDS;gene=UNKL;product=putativeE3 ubiquitin-protein ligase UNKL isoform 2;protein_id=NP_001032202.1\n')",173,0.5919785511699017
">ID=cds32799;Parent=rna44403;Dbxref=CCDS:CCDS32359.1,GeneID:64718,Genbank:NP_001032202.1,HGNC:HGNC:14184;Name=NP_001032202.1;Note=isoform 2 is encoded by transcript variant 2;gbkey=CDS;gene=UNKL;product=putativeE3 ubiquitin-protein ligase UNKL isoform 2;protein_id=NP_001032202.1\n')",174,0.6312168707268279
">ID=cds32799;Parent=rna44403;Dbxref=CCDS:CCDS32359.1,GeneID:64718,Genbank:NP_001032202.1,HGNC:HGNC:14184;Name=NP_001032202.1;Note=isoform 2 is encoded by transcript variant 2;gbkey=CDS;gene=UNKL;product=putativeE3 ubiquitin-protein ligase UNKL isoform 2;protein_id=NP_001032202.1\n')",175,0.7184801704920776
">ID=cds32799;Parent=rna44403;Dbxref=CCDS:CCDS32359.1,GeneID:64718,Genbank:NP_001032202.1,HGNC:HGNC:14184;Name=NP_001032202.1;Note=isoform 2 is encoded by transcript variant 2;gbkey=CDS;gene=UNKL;product=putativeE3 ubiquitin-protein ligase UNKL isoform 2;protein_id=NP_001032202.1\n')",176,0.7256340544450084
">ID=cds32799;Parent=rna44403;Dbxref=CCDS:CCDS32359.1,GeneID:64718,Genbank:NP_001032202.1,HGNC:HGNC:14184;Name=NP_001032202.1;Note=isoform 2 is encoded by transcript variant 2;gbkey=CDS;gene=UNKL;product=putativeE3 ubiquitin-protein ligase UNKL isoform 2;protein_id=NP_001032202.1\n')",177,0.7256340544450084
">ID=cds32799;Parent=rna44403;Dbxref=CCDS:CCDS32359.1,GeneID:64718,Genbank:NP_001032202.1,HGNC:HGNC:14184;Name=NP_001032202.1;Note=isoform 2 is encoded by transcript variant 2;gbkey=CDS;gene=UNKL;product=putativeE3 ubiquitin-protein ligase UNKL isoform 2;protein_id=NP_001032202.1\n')",178,0.7256340544450084
">ID=cds32799;Parent=rna44403;Dbxref=CCDS:CCDS32359.1,GeneID:64718,Genbank:NP_001032202.1,HGNC:HGNC:14184;Name=NP_001032202.1;Note=isoform 2 is encoded by transcript variant 2;gbkey=CDS;gene=UNKL;product=putativeE3 ubiquitin-protein ligase UNKL isoform 2;protein_id=NP_001032202.1\n')",179,0.7194850893456107
">ID=cds32799;Parent=rna44403;Dbxref=CCDS:CCDS32359.1,GeneID:64718,Genbank:NP_001032202.1,HGNC:HGNC:14184;Name=NP_001032202.1;Note=isoform 2 is encoded by transcript variant 2;gbkey=CDS;gene=UNKL;product=putativeE3 ubiquitin-protein ligase UNKL isoform 2;protein_id=NP_001032202.1\n')",180,0.7400065071692083
">ID=cds32799;Parent=rna44403;Dbxref=CCDS:CCDS32359.1,GeneID:64718,Genbank:NP_001032202.1,HGNC:HGNC:14184;Name=NP_001032202.1;Note=isoform 2 is encoded by transcript variant 2;gbkey=CDS;gene=UNKL;product=putativeE3 ubiquitin-protein ligase UNKL isoform 2;protein_id=NP_001032202.1\n')",181,0.8023553070866162
">ID=cds32799;Parent=rna44403;Dbxref=CCDS:CCDS32359.1,GeneID:64718,Genbank:NP_001032202.1,HGNC:HGNC:14184;Name=NP_001032202.1;Note=isoform 2 is encoded by transcript variant 2;gbkey=CDS;gene=UNKL;product=putativeE3 ubiquitin-protein ligase UNKL isoform 2;protein_id=NP_001032202.1\n')",182,0.9750403707920298
">ID=cds32799;Parent=rna44403;Dbxref=CCDS:CCDS32359.1,GeneID:64718,Genbank:NP_001032202.1,HGNC:HGNC:14184;Name=NP_001032202.1;Note=isoform 2 is encoded by transcript variant 2;gbkey=CDS;gene=UNKL;product=putativeE3 ubiquitin-protein ligase UNKL isoform 2;protein_id=NP_001032202.1\n')",183,0.9750403707920298
">ID=cds32799;Parent=rna44403;Dbxref=CCDS:CCDS32359.1,GeneID:64718,Genbank:NP_001032202.1,HGNC:HGNC:14184;Name=NP_001032202.1;Note=isoform 2 is encoded by transcript variant 2;gbkey=CDS;gene=UNKL;product=putativeE3 ubiquitin-protein ligase UNKL isoform 2;protein_id=NP_001032202.1\n')",184,0.9750403707920298
">ID=cds32799;Parent=rna44403;Dbxref=CCDS:CCDS32359.1,GeneID:64718,Genbank:NP_001032202.1,HGNC:HGNC:14184;Name=NP_001032202.1;Note=isoform 2 is encoded by transcript variant 2;gbkey=CDS;gene=UNKL;product=putativeE3 ubiquitin-protein ligase UNKL isoform 2;protein_id=NP_001032202.1\n')",185,0.9750403707920298
">ID=cds32799;Parent=rna44403;Dbxref=CCDS:CCDS32359.1,GeneID:64718,Genbank:NP_001032202.1,HGNC:HGNC:14184;Name=NP_001032202.1;Note=isoform 2 is encoded by transcript variant 2;gbkey=CDS;gene=UNKL;product=putativeE3 ubiquitin-protein ligase UNKL isoform 2;protein_id=NP_001032202.1\n')",186,0.9750403707920298
">ID=cds32799;Parent=rna44403;Dbxref=CCDS:CCDS32359.1,GeneID:64718,Genbank:NP_001032202.1,HGNC:HGNC:14184;Name=NP_001032202.1;Note=isoform 2 is encoded by transcript variant 2;gbkey=CDS;gene=UNKL;product=putativeE3 ubiquitin-protein ligase UNKL isoform 2;protein_id=NP_001032202.1\n')",187,0.9750403707920298
">ID=cds32799;Parent=rna44403;Dbxref=CCDS:CCDS32359.1,GeneID:64718,Genbank:NP_001032202.1,HGNC:HGNC:14184;Name=NP_001032202.1;Note=isoform 2 is encoded by transcript variant 2;gbkey=CDS;gene=UNKL;product=putativeE3 ubiquitin-protein ligase UNKL isoform 2;protein_id=NP_001032202.1\n')",188,0.9913422502672837
">ID=cds32799;Parent=rna44403;Dbxref=CCDS:CCDS32359.1,GeneID:64718,Genbank:NP_001032202.1,HGNC:HGNC:14184;Name=NP_001032202.1;Note=isoform 2 is encoded by transcript variant 2;gbkey=CDS;gene=UNKL;product=putativeE3 ubiquitin-protein ligase UNKL isoform 2;protein_id=NP_001032202.1\n')",189,0.9913422502672837
">ID=cds32799;Parent=rna44403;Dbxref=CCDS:CCDS32359.1,GeneID:64718,Genbank:NP_001032202.1,HGNC:HGNC:14184;Name=NP_001032202.1;Note=isoform 2 is encoded by transcript variant 2;gbkey=CDS;gene=UNKL;product=putativeE3 ubiquitin-protein ligase UNKL isoform 2;protein_id=NP_001032202.1\n')",190,0.8352609024059007
">ID=cds32799;Parent=rna44403;Dbxref=CCDS:CCDS32359.1,GeneID:64718,Genbank:NP_001032202.1,HGNC:HGNC:14184;Name=NP_001032202.1;Note=isoform 2 is encoded by transcript variant 2;gbkey=CDS;gene=UNKL;product=putativeE3 ubiquitin-protein ligase UNKL isoform 2;protein_id=NP_001032202.1\n')",191,0.8257962534732013
">ID=cds32799;Parent=rna44403;Dbxref=CCDS:CCDS32359.1,GeneID:64718,Genbank:NP_001032202.1,HGNC:HGNC:14184;Name=NP_001032202.1;Note=isoform 2 is encoded by transcript variant 2;gbkey=CDS;gene=UNKL;product=putativeE3 ubiquitin-protein ligase UNKL isoform 2;protein_id=NP_001032202.1\n')",192,0.8257962534732013
">ID=cds32799;Parent=rna44403;Dbxref=CCDS:CCDS32359.1,GeneID:64718,Genbank:NP_001032202.1,HGNC:HGNC:14184;Name=NP_001032202.1;Note=isoform 2 is encoded by transcript variant 2;gbkey=CDS;gene=UNKL;product=putativeE3 ubiquitin-protein ligase UNKL isoform 2;protein_id=NP_001032202.1\n')",193,0.8257962534732013
">ID=cds32799;Parent=rna44403;Dbxref=CCDS:CCDS32359.1,GeneID:64718,Genbank:NP_001032202.1,HGNC:HGNC:14184;Name=NP_001032202.1;Note=isoform 2 is encoded by transcript variant 2;gbkey=CDS;gene=UNKL;product=putativeE3 ubiquitin-protein ligase UNKL isoform 2;protein_id=NP_001032202.1\n')",194,0.8257962534732013
">ID=cds32799;Parent=rna44403;Dbxref=CCDS:CCDS32359.1,GeneID:64718,Genbank:NP_001032202.1,HGNC:HGNC:14184;Name=NP_001032202.1;Note=isoform 2 is encoded by transcript variant 2;gbkey=CDS;gene=UNKL;product=putativeE3 ubiquitin-protein ligase UNKL isoform 2;protein_id=NP_001032202.1\n')",195,0.8257962534732013
">ID=cds32799;Parent=rna44403;Dbxref=CCDS:CCDS32359.1,GeneID:64718,Genbank:NP_001032202.1,HGNC:HGNC:14184;Name=NP_001032202.1;Note=isoform 2 is encoded by transcript variant 2;gbkey=CDS;gene=UNKL;product=putativeE3 ubiquitin-protein ligase UNKL isoform 2;protein_id=NP_001032202.1\n')",196,0.8257962534732013
">ID=cds32799;Parent=rna44403;Dbxref=CCDS:CCDS32359.1,GeneID:64718,Genbank:NP_001032202.1,HGNC:HGNC:14184;Name=NP_001032202.1;Note=isoform 2 is encoded by transcript variant 2;gbkey=CDS;gene=UNKL;product=putativeE3 ubiquitin-protein ligase UNKL isoform 2;protein_id=NP_001032202.1\n')",197,0.8317951407161333
">ID=cds32799;Parent=rna44403;Dbxref=CCDS:CCDS32359.1,GeneID:64718,Genbank:NP_001032202.1,HGNC:HGNC:14184;Name=NP_001032202.1;Note=isoform 2 is encoded by transcript variant 2;gbkey=CDS;gene=UNKL;product=putativeE3 ubiquitin-protein ligase UNKL isoform 2;protein_id=NP_001032202.1\n')",198,0.8317951407161333
">ID=cds32799;Parent=rna44403;Dbxref=CCDS:CCDS32359.1,GeneID:64718,Genbank:NP_001032202.1,HGNC:HGNC:14184;Name=NP_001032202.1;Note=isoform 2 is encoded by transcript variant 2;gbkey=CDS;gene=UNKL;product=putativeE3 ubiquitin-protein ligase UNKL isoform 2;protein_id=NP_001032202.1\n')",199,0.98646398944436
">ID=cds32799;Parent=rna44403;Dbxref=CCDS:CCDS32359.1,GeneID:64718,Genbank:NP_001032202.1,HGNC:HGNC:14184;Name=NP_001032202.1;Note=isoform 2 is encoded by transcript variant 2;gbkey=CDS;gene=UNKL;product=putativeE3 ubiquitin-protein ligase UNKL isoform 2;protein_id=NP_001032202.1\n')",200,1.0
">ID=cds32799;Parent=rna44403;Dbxref=CCDS:CCDS32359.1,GeneID:64718,Genbank:NP_001032202.1,HGNC:HGNC:14184;Name=NP_001032202.1;Note=isoform 2 is encoded by transcript variant 2;gbkey=CDS;gene=UNKL;product=putativeE3 ubiquitin-protein ligase UNKL isoform 2;protein_id=NP_001032202.1\n')",201,0.8120042573513644
">ID=cds32799;Parent=rna44403;Dbxref=CCDS:CCDS32359.1,GeneID:64718,Genbank:NP_001032202.1,HGNC:HGNC:14184;Name=NP_001032202.1;Note=isoform 2 is encoded by transcript variant 2;gbkey=CDS;gene=UNKL;product=putativeE3 ubiquitin-protein ligase UNKL isoform 2;protein_id=NP_001032202.1\n')",202,0.8120042573513644
">ID=cds32799;Parent=rna44403;Dbxref=CCDS:CCDS32359.1,GeneID:64718,Genbank:NP_001032202.1,HGNC:HGNC:14184;Name=NP_001032202.1;Note=isoform 2 is encoded by transcript variant 2;gbkey=CDS;gene=UNKL;product=putativeE3 ubiquitin-protein ligase UNKL isoform 2;protein_id=NP_001032202.1\n')",203,0.8120042573513644
">ID=cds32799;Parent=rna44403;Dbxref=CCDS:CCDS32359.1,GeneID:64718,Genbank:NP_001032202.1,HGNC:HGNC:14184;Name=NP_001032202.1;Note=isoform 2 is encoded by transcript variant 2;gbkey=CDS;gene=UNKL;product=putativeE3 ubiquitin-protein ligase UNKL isoform 2;protein_id=NP_001032202.1\n')",204,0.8120042573513644
">ID=cds32799;Parent=rna44403;Dbxref=CCDS:CCDS32359.1,GeneID:64718,Genbank:NP_001032202.1,HGNC:HGNC:14184;Name=NP_001032202.1;Note=isoform 2 is encoded by transcript variant 2;gbkey=CDS;gene=UNKL;product=putativeE3 ubiquitin-protein ligase UNKL isoform 2;protein_id=NP_001032202.1\n')",205,0.702279081458996
">ID=cds32799;Parent=rna44403;Dbxref=CCDS:CCDS32359.1,GeneID:64718,Genbank:NP_001032202.1,HGNC:HGNC:14184;Name=NP_001032202.1;Note=isoform 2 is encoded by transcript variant 2;gbkey=CDS;gene=UNKL;product=putativeE3 ubiquitin-protein ligase UNKL isoform 2;protein_id=NP_001032202.1\n')",206,0.702279081458996
">ID=cds32799;Parent=rna44403;Dbxref=CCDS:CCDS32359.1,GeneID:64718,Genbank:NP_001032202.1,HGNC:HGNC:14184;Name=NP_001032202.1;Note=isoform 2 is encoded by transcript variant 2;gbkey=CDS;gene=UNKL;product=putativeE3 ubiquitin-protein ligase UNKL isoform 2;protein_id=NP_001032202.1\n')",207,0.6186778716468722
">ID=cds32799;Parent=rna44403;Dbxref=CCDS:CCDS32359.1,GeneID:64718,Genbank:NP_001032202.1,HGNC:HGNC:14184;Name=NP_001032202.1;Note=isoform 2 is encoded by transcript variant 2;gbkey=CDS;gene=UNKL;product=putativeE3 ubiquitin-protein ligase UNKL isoform 2;protein_id=NP_001032202.1\n')",208,0.6117024341059516
">ID=cds32799;Parent=rna44403;Dbxref=CCDS:CCDS32359.1,GeneID:64718,Genbank:NP_001032202.1,HGNC:HGNC:14184;Name=NP_001032202.1;Note=isoform 2 is encoded by transcript variant 2;gbkey=CDS;gene=UNKL;product=putativeE3 ubiquitin-protein ligase UNKL isoform 2;protein_id=NP_001032202.1\n')",209,0.6038831780968295
">ID=cds32799;Parent=rna44403;Dbxref=CCDS:CCDS32359.1,GeneID:64718,Genbank:NP_001032202.1,HGNC:HGNC:14184;Name=NP_001032202.1;Note=isoform 2 is encoded by transcript variant 2;gbkey=CDS;gene=UNKL;product=putativeE3 ubiquitin-protein ligase UNKL isoform 2;protein_id=NP_001032202.1\n')",210,0.7020357984800351
">ID=cds32799;Parent=rna44403;Dbxref=CCDS:CCDS32359.1,GeneID:64718,Genbank:NP_001032202.1,HGNC:HGNC:14184;Name=NP_001032202.1;Note=isoform 2 is encoded by transcript variant 2;gbkey=CDS;gene=UNKL;product=putativeE3 ubiquitin-protein ligase UNKL isoform 2;protein_id=NP_001032202.1\n')",211,0.7020357984800351
">ID=cds32799;Parent=rna44403;Dbxref=CCDS:CCDS32359.1,GeneID:64718,Genbank:NP_001032202.1,HGNC:HGNC:14184;Name=NP_001032202.1;Note=isoform 2 is encoded by transcript variant 2;gbkey=CDS;gene=UNKL;product=putativeE3 ubiquitin-protein ligase UNKL isoform 2;protein_id=NP_001032202.1\n')",212,0.6917560027062134
">ID=cds32799;Parent=rna44403;Dbxref=CCDS:CCDS32359.1,GeneID:64718,Genbank:NP_001032202.1,HGNC:HGNC:14184;Name=NP_001032202.1;Note=isoform 2 is encoded by transcript variant 2;gbkey=CDS;gene=UNKL;product=putativeE3 ubiquitin-protein ligase UNKL isoform 2;protein_id=NP_001032202.1\n')",213,0.6917560027062134
">ID=cds32799;Parent=rna44403;Dbxref=CCDS:CCDS32359.1,GeneID:64718,Genbank:NP_001032202.1,HGNC:HGNC:14184;Name=NP_001032202.1;Note=isoform 2 is encoded by transcript variant 2;gbkey=CDS;gene=UNKL;product=putativeE3 ubiquitin-protein ligase UNKL isoform 2;protein_id=NP_001032202.1\n')",214,0.7979688698632669
">ID=cds32799;Parent=rna44403;Dbxref=CCDS:CCDS32359.1,GeneID:64718,Genbank:NP_001032202.1,HGNC:HGNC:14184;Name=NP_001032202.1;Note=isoform 2 is encoded by transcript variant 2;gbkey=CDS;gene=UNKL;product=putativeE3 ubiquitin-protein ligase UNKL isoform 2;protein_id=NP_001032202.1\n')",215,0.7837300459404358
">ID=cds32799;Parent=rna44403;Dbxref=CCDS:CCDS32359.1,GeneID:64718,Genbank:NP_001032202.1,HGNC:HGNC:14184;Name=NP_001032202.1;Note=isoform 2 is encoded by transcript variant 2;gbkey=CDS;gene=UNKL;product=putativeE3 ubiquitin-protein ligase UNKL isoform 2;protein_id=NP_001032202.1\n')",216,0.728459988978014
">ID=cds32799;Parent=rna44403;Dbxref=CCDS:CCDS32359.1,GeneID:64718,Genbank:NP_001032202.1,HGNC:HGNC:14184;Name=NP_001032202.1;Note=isoform 2 is encoded by transcript variant 2;gbkey=CDS;gene=UNKL;product=putativeE3 ubiquitin-protein ligase UNKL isoform 2;protein_id=NP_001032202.1\n')",217,0.7383739852855283
">ID=cds32799;Parent=rna44403;Dbxref=CCDS:CCDS32359.1,GeneID:64718,Genbank:NP_001032202.1,HGNC:HGNC:14184;Name=NP_001032202.1;Note=isoform 2 is encoded by transcript variant 2;gbkey=CDS;gene=UNKL;product=putativeE3 ubiquitin-protein ligase UNKL isoform 2;protein_id=NP_001032202.1\n')",218,0.7398685951450376
">ID=cds32799;Parent=rna44403;Dbxref=CCDS:CCDS32359.1,GeneID:64718,Genbank:NP_001032202.1,HGNC:HGNC:14184;Name=NP_001032202.1;Note=isoform 2 is encoded by transcript variant 2;gbkey=CDS;gene=UNKL;product=putativeE3 ubiquitin-protein ligase UNKL isoform 2;protein_id=NP_001032202.1\n')",219,0.7398685951450377
">ID=cds32799;Parent=rna44403;Dbxref=CCDS:CCDS32359.1,GeneID:64718,Genbank:NP_001032202.1,HGNC:HGNC:14184;Name=NP_001032202.1;Note=isoform 2 is encoded by transcript variant 2;gbkey=CDS;gene=UNKL;product=putativeE3 ubiquitin-protein ligase UNKL isoform 2;protein_id=NP_001032202.1\n')",220,0.7398685951450377
">ID=cds32799;Parent=rna44403;Dbxref=CCDS:CCDS32359.1,GeneID:64718,Genbank:NP_001032202.1,HGNC:HGNC:14184;Name=NP_001032202.1;Note=isoform 2 is encoded by transcript variant 2;gbkey=CDS;gene=UNKL;product=putativeE3 ubiquitin-protein ligase UNKL isoform 2;protein_id=NP_001032202.1\n')",221,0.7516402333005472
">ID=cds32799;Parent=rna44403;Dbxref=CCDS:CCDS32359.1,GeneID:64718,Genbank:NP_001032202.1,HGNC:HGNC:14184;Name=NP_001032202.1;Note=isoform 2 is encoded by transcript variant 2;gbkey=CDS;gene=UNKL;product=putativeE3 ubiquitin-protein ligase UNKL isoform 2;protein_id=NP_001032202.1\n')",222,0.7469934250290493
">ID=cds32799;Parent=rna44403;Dbxref=CCDS:CCDS32359.1,GeneID:64718,Genbank:NP_001032202.1,HGNC:HGNC:14184;Name=NP_001032202.1;Note=isoform 2 is encoded by transcript variant 2;gbkey=CDS;gene=UNKL;product=putativeE3 ubiquitin-protein ligase UNKL isoform 2;protein_id=NP_001032202.1\n')",223,0.7469934250290494
">ID=cds32799;Parent=rna44403;Dbxref=CCDS:CCDS32359.1,GeneID:64718,Genbank:NP_001032202.1,HGNC:HGNC:14184;Name=NP_001032202.1;Note=isoform 2 is encoded by transcript variant 2;gbkey=CDS;gene=UNKL;product=putativeE3 ubiquitin-protein ligase UNKL isoform 2;protein_id=NP_001032202.1\n')",224,0.7549076178628876
">ID=cds32799;Parent=rna44403;Dbxref=CCDS:CCDS32359.1,GeneID:64718,Genbank:NP_001032202.1,HGNC:HGNC:14184;Name=NP_001032202.1;Note=isoform 2 is encoded by transcript variant 2;gbkey=CDS;gene=UNKL;product=putativeE3 ubiquitin-protein ligase UNKL isoform 2;protein_id=NP_001032202.1\n')",225,0.9657718320079565
">ID=cds32799;Parent=rna44403;Dbxref=CCDS:CCDS32359.1,GeneID:64718,Genbank:NP_001032202.1,HGNC:HGNC:14184;Name=NP_001032202.1;Note=isoform 2 is encoded by transcript variant 2;gbkey=CDS;gene=UNKL;product=putativeE3 ubiquitin-protein ligase UNKL isoform 2;protein_id=NP_001032202.1\n')",226,0.964184486088036
">ID=cds32799;Parent=rna44403;Dbxref=CCDS:CCDS32359.1,GeneID:64718,Genbank:NP_001032202.1,HGNC:HGNC:14184;Name=NP_001032202.1;Note=isoform 2 is encoded by transcript variant 2;gbkey=CDS;gene=UNKL;product=putativeE3 ubiquitin-protein ligase UNKL isoform 2;protein_id=NP_001032202.1\n')",227,0.973285719762838
">ID=cds32799;Parent=rna44403;Dbxref=CCDS:CCDS32359.1,GeneID:64718,Genbank:NP_001032202.1,HGNC:HGNC:14184;Name=NP_001032202.1;Note=isoform 2 is encoded by transcript variant 2;gbkey=CDS;gene=UNKL;product=putativeE3 ubiquitin-protein ligase UNKL isoform 2;protein_id=NP_001032202.1\n')",228,0.9536387076106356
">ID=cds32799;Parent=rna44403;Dbxref=CCDS:CCDS32359.1,GeneID:64718,Genbank:NP_001032202.1,HGNC:HGNC:14184;Name=NP_001032202.1;Note=isoform 2 is encoded by transcript variant 2;gbkey=CDS;gene=UNKL;product=putativeE3 ubiquitin-protein ligase UNKL isoform 2;protein_id=NP_001032202.1\n')",229,0.9536387076106356
">ID=cds32799;Parent=rna44403;Dbxref=CCDS:CCDS32359.1,GeneID:64718,Genbank:NP_001032202.1,HGNC:HGNC:14184;Name=NP_001032202.1;Note=isoform 2 is encoded by transcript variant 2;gbkey=CDS;gene=UNKL;product=putativeE3 ubiquitin-protein ligase UNKL isoform 2;protein_id=NP_001032202.1\n')",230,0.9536387076106356
">ID=cds32799;Parent=rna44403;Dbxref=CCDS:CCDS32359.1,GeneID:64718,Genbank:NP_001032202.1,HGNC:HGNC:14184;Name=NP_001032202.1;Note=isoform 2 is encoded by transcript variant 2;gbkey=CDS;gene=UNKL;product=putativeE3 ubiquitin-protein ligase UNKL isoform 2;protein_id=NP_001032202.1\n')",231,0.9532230820256952
">ID=cds32799;Parent=rna44403;Dbxref=CCDS:CCDS32359.1,GeneID:64718,Genbank:NP_001032202.1,HGNC:HGNC:14184;Name=NP_001032202.1;Note=isoform 2 is encoded by transcript variant 2;gbkey=CDS;gene=UNKL;product=putativeE3 ubiquitin-protein ligase UNKL isoform 2;protein_id=NP_001032202.1\n')",232,0.9453531669610198
">ID=cds32799;Parent=rna44403;Dbxref=CCDS:CCDS32359.1,GeneID:64718,Genbank:NP_001032202.1,HGNC:HGNC:14184;Name=NP_001032202.1;Note=isoform 2 is encoded by transcript variant 2;gbkey=CDS;gene=UNKL;product=putativeE3 ubiquitin-protein ligase UNKL isoform 2;protein_id=NP_001032202.1\n')",233,0.9532230820256954
">ID=cds32799;Parent=rna44403;Dbxref=CCDS:CCDS32359.1,GeneID:64718,Genbank:NP_001032202.1,HGNC:HGNC:14184;Name=NP_001032202.1;Note=isoform 2 is encoded by transcript variant 2;gbkey=CDS;gene=UNKL;product=putativeE3 ubiquitin-protein ligase UNKL isoform 2;protein_id=NP_001032202.1\n')",234,0.9532230820256954
">ID=cds32799;Parent=rna44403;Dbxref=CCDS:CCDS32359.1,GeneID:64718,Genbank:NP_001032202.1,HGNC:HGNC:14184;Name=NP_001032202.1;Note=isoform 2 is encoded by transcript variant 2;gbkey=CDS;gene=UNKL;product=putativeE3 ubiquitin-protein ligase UNKL isoform 2;protein_id=NP_001032202.1\n')",235,0.9547745123408291
">ID=cds32799;Parent=rna44403;Dbxref=CCDS:CCDS32359.1,GeneID:64718,Genbank:NP_001032202.1,HGNC:HGNC:14184;Name=NP_001032202.1;Note=isoform 2 is encoded by transcript variant 2;gbkey=CDS;gene=UNKL;product=putativeE3 ubiquitin-protein ligase UNKL isoform 2;protein_id=NP_001032202.1\n')",236,0.9628027375185313
">ID=cds32799;Parent=rna44403;Dbxref=CCDS:CCDS32359.1,GeneID:64718,Genbank:NP_001032202.1,HGNC:HGNC:14184;Name=NP_001032202.1;Note=isoform 2 is encoded by transcript variant 2;gbkey=CDS;gene=UNKL;product=putativeE3 ubiquitin-protein ligase UNKL isoform 2;protein_id=NP_001032202.1\n')",237,0.9828331270244829
">ID=cds32799;Parent=rna44403;Dbxref=CCDS:CCDS32359.1,GeneID:64718,Genbank:NP_001032202.1,HGNC:HGNC:14184;Name=NP_001032202.1;Note=isoform 2 is encoded by transcript variant 2;gbkey=CDS;gene=UNKL;product=putativeE3 ubiquitin-protein ligase UNKL isoform 2;protein_id=NP_001032202.1\n')",238,0.9828331270244829
">ID=cds32799;Parent=rna44403;Dbxref=CCDS:CCDS32359.1,GeneID:64718,Genbank:NP_001032202.1,HGNC:HGNC:14184;Name=NP_001032202.1;Note=isoform 2 is encoded by transcript variant 2;gbkey=CDS;gene=UNKL;product=putativeE3 ubiquitin-protein ligase UNKL isoform 2;protein_id=NP_001032202.1\n')",239,0.9828331270244829
">ID=cds32799;Parent=rna44403;Dbxref=CCDS:CCDS32359.1,GeneID:64718,Genbank:NP_001032202.1,HGNC:HGNC:14184;Name=NP_001032202.1;Note=isoform 2 is encoded by transcript variant 2;gbkey=CDS;gene=UNKL;product=putativeE3 ubiquitin-protein ligase UNKL isoform 2;protein_id=NP_001032202.1\n')",240,0.956355746268213
">ID=cds32799;Parent=rna44403;Dbxref=CCDS:CCDS32359.1,GeneID:64718,Genbank:NP_001032202.1,HGNC:HGNC:14184;Name=NP_001032202.1;Note=isoform 2 is encoded by transcript variant 2;gbkey=CDS;gene=UNKL;product=putativeE3 ubiquitin-protein ligase UNKL isoform 2;protein_id=NP_001032202.1\n')",241,0.9451168072986881
">ID=cds32799;Parent=rna44403;Dbxref=CCDS:CCDS32359.1,GeneID:64718,Genbank:NP_001032202.1,HGNC:HGNC:14184;Name=NP_001032202.1;Note=isoform 2 is encoded by transcript variant 2;gbkey=CDS;gene=UNKL;product=putativeE3 ubiquitin-protein ligase UNKL isoform 2;protein_id=NP_001032202.1\n')",242,0.9373796324562315
">ID=cds32799;Parent=rna44403;Dbxref=CCDS:CCDS32359.1,GeneID:64718,Genbank:NP_001032202.1,HGNC:HGNC:14184;Name=NP_001032202.1;Note=isoform 2 is encoded by transcript variant 2;gbkey=CDS;gene=UNKL;product=putativeE3 ubiquitin-protein ligase UNKL isoform 2;protein_id=NP_001032202.1\n')",243,0.85337886990075
">ID=cds32799;Parent=rna44403;Dbxref=CCDS:CCDS32359.1,GeneID:64718,Genbank:NP_001032202.1,HGNC:HGNC:14184;Name=NP_001032202.1;Note=isoform 2 is encoded by transcript variant 2;gbkey=CDS;gene=UNKL;product=putativeE3 ubiquitin-protein ligase UNKL isoform 2;protein_id=NP_001032202.1\n')",244,0.7239587097921448
">ID=cds32799;Parent=rna44403;Dbxref=CCDS:CCDS32359.1,GeneID:64718,Genbank:NP_001032202.1,HGNC:HGNC:14184;Name=NP_001032202.1;Note=isoform 2 is encoded by transcript variant 2;gbkey=CDS;gene=UNKL;product=putativeE3 ubiquitin-protein ligase UNKL isoform 2;protein_id=NP_001032202.1\n')",245,0.723066372859612
">ID=cds32799;Parent=rna44403;Dbxref=CCDS:CCDS32359.1,GeneID:64718,Genbank:NP_001032202.1,HGNC:HGNC:14184;Name=NP_001032202.1;Note=isoform 2 is encoded by transcript variant 2;gbkey=CDS;gene=UNKL;product=putativeE3 ubiquitin-protein ligase UNKL isoform 2;protein_id=NP_001032202.1\n')",246,0.723066372859612
">ID=cds32799;Parent=rna44403;Dbxref=CCDS:CCDS32359.1,GeneID:64718,Genbank:NP_001032202.1,HGNC:HGNC:14184;Name=NP_001032202.1;Note=isoform 2 is encoded by transcript variant 2;gbkey=CDS;gene=UNKL;product=putativeE3 ubiquitin-protein ligase UNKL isoform 2;protein_id=NP_001032202.1\n')",247,0.6915651500087895
">ID=cds32799;Parent=rna44403;Dbxref=CCDS:CCDS32359.1,GeneID:64718,Genbank:NP_001032202.1,HGNC:HGNC:14184;Name=NP_001032202.1;Note=isoform 2 is encoded by transcript variant 2;gbkey=CDS;gene=UNKL;product=putativeE3 ubiquitin-protein ligase UNKL isoform 2;protein_id=NP_001032202.1\n')",248,0.6915651500087895
">ID=cds32799;Parent=rna44403;Dbxref=CCDS:CCDS32359.1,GeneID:64718,Genbank:NP_001032202.1,HGNC:HGNC:14184;Name=NP_001032202.1;Note=isoform 2 is encoded by transcript variant 2;gbkey=CDS;gene=UNKL;product=putativeE3 ubiquitin-protein ligase UNKL isoform 2;protein_id=NP_001032202.1\n')",249,0.7088190097524406
">ID=cds32799;Parent=rna44403;Dbxref=CCDS:CCDS32359.1,GeneID:64718,Genbank:NP_001032202.1,HGNC:HGNC:14184;Name=NP_001032202.1;Note=isoform 2 is encoded by transcript variant 2;gbkey=CDS;gene=UNKL;product=putativeE3 ubiquitin-protein ligase UNKL isoform 2;protein_id=NP_001032202.1\n')",250,0.7196161451308225
">ID=cds32799;Parent=rna44403;Dbxref=CCDS:CCDS32359.1,GeneID:64718,Genbank:NP_001032202.1,HGNC:HGNC:14184;Name=NP_001032202.1;Note=isoform 2 is encoded by transcript variant 2;gbkey=CDS;gene=UNKL;product=putativeE3 ubiquitin-protein ligase UNKL isoform 2;protein_id=NP_001032202.1\n')",251,0.7241672958482044
">ID=cds32799;Parent=rna44403;Dbxref=CCDS:CCDS32359.1,GeneID:64718,Genbank:NP_001032202.1,HGNC:HGNC:14184;Name=NP_001032202.1;Note=isoform 2 is encoded by transcript variant 2;gbkey=CDS;gene=UNKL;product=putativeE3 ubiquitin-protein ligase UNKL isoform 2;protein_id=NP_001032202.1\n')",252,0.7837681300190553
">ID=cds32799;Parent=rna44403;Dbxref=CCDS:CCDS32359.1,GeneID:64718,Genbank:NP_001032202.1,HGNC:HGNC:14184;Name=NP_001032202.1;Note=isoform 2 is encoded by transcript variant 2;gbkey=CDS;gene=UNKL;product=putativeE3 ubiquitin-protein ligase UNKL isoform 2;protein_id=NP_001032202.1\n')",253,0.9217970199167528
">ID=cds32799;Parent=rna44403;Dbxref=CCDS:CCDS32359.1,GeneID:64718,Genbank:NP_001032202.1,HGNC:HGNC:14184;Name=NP_001032202.1;Note=isoform 2 is encoded by transcript variant 2;gbkey=CDS;gene=UNKL;product=putativeE3 ubiquitin-protein ligase UNKL isoform 2;protein_id=NP_001032202.1\n')",254,0.9217970199167528
">ID=cds32799;Parent=rna44403;Dbxref=CCDS:CCDS32359.1,GeneID:64718,Genbank:NP_001032202.1,HGNC:HGNC:14184;Name=NP_001032202.1;Note=isoform 2 is encoded by transcript variant 2;gbkey=CDS;gene=UNKL;product=putativeE3 ubiquitin-protein ligase UNKL isoform 2;protein_id=NP_001032202.1\n')",255,0.8404446435056284
">ID=cds32799;Parent=rna44403;Dbxref=CCDS:CCDS32359.1,GeneID:64718,Genbank:NP_001032202.1,HGNC:HGNC:14184;Name=NP_001032202.1;Note=isoform 2 is encoded by transcript variant 2;gbkey=CDS;gene=UNKL;product=putativeE3 ubiquitin-protein ligase UNKL isoform 2;protein_id=NP_001032202.1\n')",256,0.8874296392571417
">ID=cds32799;Parent=rna44403;Dbxref=CCDS:CCDS32359.1,GeneID:64718,Genbank:NP_001032202.1,HGNC:HGNC:14184;Name=NP_001032202.1;Note=isoform 2 is encoded by transcript variant 2;gbkey=CDS;gene=UNKL;product=putativeE3 ubiquitin-protein ligase UNKL isoform 2;protein_id=NP_001032202.1\n')",257,0.8874296392571415
">ID=cds32799;Parent=rna44403;Dbxref=CCDS:CCDS32359.1,GeneID:64718,Genbank:NP_001032202.1,HGNC:HGNC:14184;Name=NP_001032202.1;Note=isoform 2 is encoded by transcript variant 2;gbkey=CDS;gene=UNKL;product=putativeE3 ubiquitin-protein ligase UNKL isoform 2;protein_id=NP_001032202.1\n')",258,0.8887741437178339
">ID=cds32799;Parent=rna44403;Dbxref=CCDS:CCDS32359.1,GeneID:64718,Genbank:NP_001032202.1,HGNC:HGNC:14184;Name=NP_001032202.1;Note=isoform 2 is encoded by transcript variant 2;gbkey=CDS;gene=UNKL;product=putativeE3 ubiquitin-protein ligase UNKL isoform 2;protein_id=NP_001032202.1\n')",259,0.8874296392571415
">ID=cds32799;Parent=rna44403;Dbxref=CCDS:CCDS32359.1,GeneID:64718,Genbank:NP_001032202.1,HGNC:HGNC:14184;Name=NP_001032202.1;Note=isoform 2 is encoded by transcript variant 2;gbkey=CDS;gene=UNKL;product=putativeE3 ubiquitin-protein ligase UNKL isoform 2;protein_id=NP_001032202.1\n')",260,0.8874296392571417
">ID=cds32799;Parent=rna44403;Dbxref=CCDS:CCDS32359.1,GeneID:64718,Genbank:NP_001032202.1,HGNC:HGNC:14184;Name=NP_001032202.1;Note=isoform 2 is encoded by transcript variant 2;gbkey=CDS;gene=UNKL;product=putativeE3 ubiquitin-protein ligase UNKL isoform 2;protein_id=NP_001032202.1\n')",261,0.8874296392571415
">ID=cds32799;Parent=rna44403;Dbxref=CCDS:CCDS32359.1,GeneID:64718,Genbank:NP_001032202.1,HGNC:HGNC:14184;Name=NP_001032202.1;Note=isoform 2 is encoded by transcript variant 2;gbkey=CDS;gene=UNKL;product=putativeE3 ubiquitin-protein ligase UNKL isoform 2;protein_id=NP_001032202.1\n')",262,0.8845346762787534
">ID=cds32799;Parent=rna44403;Dbxref=CCDS:CCDS32359.1,GeneID:64718,Genbank:NP_001032202.1,HGNC:HGNC:14184;Name=NP_001032202.1;Note=isoform 2 is encoded by transcript variant 2;gbkey=CDS;gene=UNKL;product=putativeE3 ubiquitin-protein ligase UNKL isoform 2;protein_id=NP_001032202.1\n')",263,0.8578272219599613
">ID=cds32799;Parent=rna44403;Dbxref=CCDS:CCDS32359.1,GeneID:64718,Genbank:NP_001032202.1,HGNC:HGNC:14184;Name=NP_001032202.1;Note=isoform 2 is encoded by transcript variant 2;gbkey=CDS;gene=UNKL;product=putativeE3 ubiquitin-protein ligase UNKL isoform 2;protein_id=NP_001032202.1\n')",264,0.9306239536108915
">ID=cds32799;Parent=rna44403;Dbxref=CCDS:CCDS32359.1,GeneID:64718,Genbank:NP_001032202.1,HGNC:HGNC:14184;Name=NP_001032202.1;Note=isoform 2 is encoded by transcript variant 2;gbkey=CDS;gene=UNKL;product=putativeE3 ubiquitin-protein ligase UNKL isoform 2;protein_id=NP_001032202.1\n')",265,0.9193351057654636
">ID=cds32799;Parent=rna44403;Dbxref=CCDS:CCDS32359.1,GeneID:64718,Genbank:NP_001032202.1,HGNC:HGNC:14184;Name=NP_001032202.1;Note=isoform 2 is encoded by transcript variant 2;gbkey=CDS;gene=UNKL;product=putativeE3 ubiquitin-protein ligase UNKL isoform 2;protein_id=NP_001032202.1\n')",266,0.9083168521522836
">ID=cds32799;Parent=rna44403;Dbxref=CCDS:CCDS32359.1,GeneID:64718,Genbank:NP_001032202.1,HGNC:HGNC:14184;Name=NP_001032202.1;Note=isoform 2 is encoded by transcript variant 2;gbkey=CDS;gene=UNKL;product=putativeE3 ubiquitin-protein ligase UNKL isoform 2;protein_id=NP_001032202.1\n')",267,0.9083168521522837
